"","club","division","saison","HF","J1","J2","J3","J4","J5","J6","J7","J8","J9","J10","J11","J12","J13","J14","J15","J16","J17","J18","J19","J20","J21","J22","J23","J24","J25","J26","match_joue"
"1","AMIENS PICARDIE HANDBALL","N1","2021","H",3,3,NA,1,NA,NA,NA,NA,NA,NA,NA,NA,NA,NA,NA,NA,NA,NA,NA,NA,NA,NA,NA,NA,NA,NA,"3"
"2","ASB REZE HANDBALL","N1","2021","H",1,1,1,NA,1,NA,NA,NA,NA,NA,NA,NA,NA,NA,NA,NA,NA,NA,NA,NA,NA,NA,NA,NA,NA,NA,"4"
"3","ASPTT MULHOUSE","N1","2021","H",3,3,2,3,NA,NA,NA,NA,NA,NA,NA,NA,NA,NA,NA,NA,NA,NA,NA,NA,NA,NA,NA,NA,NA,NA,"4"
"4","ATHLETIC CLUB BOULOGNE BILLANCOURT","N1","2021","H",1,1,NA,NA,1,NA,NA,NA,NA,NA,NA,NA,NA,NA,NA,NA,NA,NA,NA,NA,NA,NA,NA,NA,NA,NA,"3"
"5","BILLERE HANDBALL PAU PYRENEES","N1","2021","H",1,NA,3,2,3,NA,NA,NA,NA,NA,NA,NA,NA,NA,NA,NA,NA,NA,NA,NA,NA,NA,NA,NA,NA,NA,"4"
"6","BRUGES","N1","2021","H",1,NA,NA,NA,NA,NA,NA,NA,NA,NA,NA,NA,NA,NA,NA,NA,NA,NA,NA,NA,NA,NA,NA,NA,NA,NA,"1"
"7","C'CHARTRES METROPOLE HANDBALL","N1","2021","H",1,NA,NA,NA,NA,NA,NA,NA,NA,NA,NA,NA,NA,NA,NA,NA,NA,NA,NA,NA,NA,NA,NA,NA,NA,NA,"1"
"8","CAEN HANDBALL","N1","2021","H",3,NA,NA,3,3,NA,NA,NA,NA,NA,NA,NA,NA,NA,NA,NA,NA,NA,NA,NA,NA,NA,NA,NA,NA,NA,"3"
"9","CERCLE PAUL BERT RENNES HB","N1","2021","H",1,2,3,NA,1,NA,NA,NA,NA,NA,NA,NA,NA,NA,NA,NA,NA,NA,NA,NA,NA,NA,NA,NA,NA,NA,"4"
"10","CESSON RENNES METROPOLE HB","N1","2021","H",1,3,3,3,3,NA,NA,NA,NA,NA,NA,NA,NA,NA,NA,NA,NA,NA,NA,NA,NA,NA,NA,NA,NA,NA,"5"
"11","CLUB OMNISPORTS DE VERNOUILLET","N1","2021","H",NA,1,1,1,3,NA,NA,NA,NA,NA,NA,NA,NA,NA,NA,NA,NA,NA,NA,NA,NA,NA,NA,NA,NA,NA,"4"
"12","ELITE VAL D'OISE","N1","2021","H",3,3,1,1,2,NA,NA,NA,NA,NA,NA,NA,NA,NA,NA,NA,NA,NA,NA,NA,NA,NA,NA,NA,NA,NA,"5"
"13","FENIX TOULOUSE HANDBALL","N1","2021","H",3,3,3,2,3,NA,NA,NA,NA,NA,NA,NA,NA,NA,NA,NA,NA,NA,NA,NA,NA,NA,NA,NA,NA,NA,"5"
"14","FRONTIGNAN THAU HANDBALL","N1","2021","H",3,1,3,NA,1,NA,NA,NA,NA,NA,NA,NA,NA,NA,NA,NA,NA,NA,NA,NA,NA,NA,NA,NA,NA,NA,"4"
"15","GONFREVILLE HANDBALL","N1","2021","H",1,1,1,3,NA,NA,NA,NA,NA,NA,NA,NA,NA,NA,NA,NA,NA,NA,NA,NA,NA,NA,NA,NA,NA,NA,"4"
"16","GRAND POITIERS HANDBALL","N1","2021","H",1,1,1,1,3,NA,NA,NA,NA,NA,NA,NA,NA,NA,NA,NA,NA,NA,NA,NA,NA,NA,NA,NA,NA,NA,"5"
"17","HAND BALL CLUB GIEN LOIRET","N1","2021","H",3,NA,NA,NA,NA,NA,NA,NA,NA,NA,NA,NA,NA,NA,NA,NA,NA,NA,NA,NA,NA,NA,NA,NA,NA,NA,"1"
"18","HANDBALL CLUB DE LIVRY GARGAN","N1","2021","H",3,1,NA,NA,2,NA,NA,NA,NA,NA,NA,NA,NA,NA,NA,NA,NA,NA,NA,NA,NA,NA,NA,NA,NA,NA,"3"
"19","HANDBALL HAZEBROUCK","N1","2021","H",3,3,1,NA,NA,NA,NA,NA,NA,NA,NA,NA,NA,NA,NA,NA,NA,NA,NA,NA,NA,NA,NA,NA,NA,NA,"3"
"20","HBC NANTES","N1","2021","H",3,3,NA,1,1,NA,NA,NA,NA,NA,NA,NA,NA,NA,NA,NA,NA,NA,NA,NA,NA,NA,NA,NA,NA,NA,"4"
"21","LANESTER HB","N1","2021","H",3,1,NA,3,1,NA,NA,NA,NA,NA,NA,NA,NA,NA,NA,NA,NA,NA,NA,NA,NA,NA,NA,NA,NA,NA,"4"
"22","LILLE METROPOLE - HANDBALL CLUB","N1","2021","H",3,NA,NA,NA,NA,NA,NA,NA,NA,NA,NA,NA,NA,NA,NA,NA,NA,NA,NA,NA,NA,NA,NA,NA,NA,NA,"1"
"23","PARIS SAINT-GERMAIN HANDBALL","N1","2021","H",3,2,3,3,NA,NA,NA,NA,NA,NA,NA,NA,NA,NA,NA,NA,NA,NA,NA,NA,NA,NA,NA,NA,NA,NA,"4"
"24","PATRONAGE LAIQUE GRANVILLE HANDBALL","N1","2021","H",NA,1,NA,NA,1,NA,NA,NA,NA,NA,NA,NA,NA,NA,NA,NA,NA,NA,NA,NA,NA,NA,NA,NA,NA,NA,"2"
"25","PAU NOUSTY SPORTS","N1","2021","H",1,3,NA,NA,2,NA,NA,NA,NA,NA,NA,NA,NA,NA,NA,NA,NA,NA,NA,NA,NA,NA,NA,NA,NA,NA,"3"
"26","POUZAUGES VENDEE HANDBALL","N1","2021","H",3,3,3,NA,3,NA,NA,NA,NA,NA,NA,NA,NA,NA,NA,NA,NA,NA,NA,NA,NA,NA,NA,NA,NA,NA,"4"
"27","REVEIL DE NOGENT HANDBALL","N1","2021","H",NA,3,NA,NA,NA,NA,NA,NA,NA,NA,NA,NA,NA,NA,NA,NA,NA,NA,NA,NA,NA,NA,NA,NA,NA,NA,"1"
"28","RIXHEIM","N1","2021","H",1,NA,2,1,NA,NA,NA,NA,NA,NA,NA,NA,NA,NA,NA,NA,NA,NA,NA,NA,NA,NA,NA,NA,NA,NA,"3"
"29","SAINT CYR HANDBALL","N1","2021","H",1,3,3,NA,3,NA,NA,NA,NA,NA,NA,NA,NA,NA,NA,NA,NA,NA,NA,NA,NA,NA,NA,NA,NA,NA,"4"
"30","SAVIGNY HB","N1","2021","H",3,3,1,1,1,NA,NA,NA,NA,NA,NA,NA,NA,NA,NA,NA,NA,NA,NA,NA,NA,NA,NA,NA,NA,NA,"5"
"31","TORCY HANDBALL MARNE LA VALLEE","N1","2021","H",1,NA,1,NA,NA,NA,NA,NA,NA,NA,NA,NA,NA,NA,NA,NA,NA,NA,NA,NA,NA,NA,NA,NA,NA,NA,"2"
"32","UNION GIRONDINS DE BORDEAUX BASTIDE","N1","2021","H",1,NA,NA,NA,NA,NA,NA,NA,NA,NA,NA,NA,NA,NA,NA,NA,NA,NA,NA,NA,NA,NA,NA,NA,NA,NA,"1"
"33","UNION SPORTIVE IVRY HANDBALL","N1","2021","H",NA,NA,3,NA,NA,NA,NA,NA,NA,NA,NA,NA,NA,NA,NA,NA,NA,NA,NA,NA,NA,NA,NA,NA,NA,NA,"1"
"34","US CRETEIL HANDBALL","N1","2021","H",1,1,NA,NA,2,NA,NA,NA,NA,NA,NA,NA,NA,NA,NA,NA,NA,NA,NA,NA,NA,NA,NA,NA,NA,NA,"3"
"35","US SAINTES HANDBALL","N1","2021","H",3,1,1,3,NA,NA,NA,NA,NA,NA,NA,NA,NA,NA,NA,NA,NA,NA,NA,NA,NA,NA,NA,NA,NA,NA,"4"
"36","VILLEURBANNE HANDBALL","N1","2021","H",1,1,NA,NA,NA,NA,NA,NA,NA,NA,NA,NA,NA,NA,NA,NA,NA,NA,NA,NA,NA,NA,NA,NA,NA,NA,"2"
"37","AMIENS PICARDIE HANDBALL","N1","2122","H",3,1,3,3,3,1,3,3,3,3,3,2,3,3,3,3,3,1,3,3,2,3,NA,NA,NA,NA,"22"
"38","ANNECY CSAV HANDBALL","N1","2122","H",3,3,3,1,3,3,1,1,NA,3,NA,3,3,3,3,1,3,3,1,3,1,3,NA,NA,NA,NA,"20"
"39","ASB REZE HANDBALL","N1","2122","H",1,3,3,3,1,3,3,1,1,1,3,2,1,3,NA,3,1,3,1,3,1,2,NA,NA,NA,NA,"21"
"40","ASPTT MULHOUSE","N1","2122","H",3,2,1,3,3,3,3,1,3,3,2,NA,1,1,3,1,1,1,1,1,NA,2,NA,NA,NA,NA,"20"
"41","ASSOCIATION SPORTIVE ST-OUEN-L'AUMONE","N1","2122","H",1,1,1,1,1,1,1,1,3,1,1,1,1,1,1,1,1,2,3,3,NA,1,NA,NA,NA,NA,"21"
"42","BILLERE HANDBALL PAU PYRENEES","N1","2122","H",1,3,1,3,3,1,3,1,3,NA,3,1,3,3,3,3,1,1,3,1,3,1,NA,NA,NA,NA,"21"
"43","BORDEAUX BRUGES","N1","2122","H",NA,3,3,3,3,3,3,3,1,2,3,3,3,3,3,2,3,2,2,3,3,1,NA,NA,NA,NA,"21"
"44","CERCLE PAUL BERT RENNES HB","N1","2122","H",3,1,3,2,3,2,3,2,3,2,3,3,3,1,3,1,2,1,3,1,3,NA,NA,NA,NA,NA,"21"
"45","CESSON RENNES METROPOLE HB","N1","2122","H",3,3,1,1,NA,2,3,2,1,3,1,2,1,1,3,3,2,3,1,1,3,3,NA,NA,NA,NA,"21"
"46","DUNKERQUE HANDBALL GRAND LITTORAL","N1","2122","H",3,1,1,1,1,1,3,1,1,1,1,1,1,1,3,1,1,2,1,1,1,1,NA,NA,NA,NA,"22"
"47","ELITE VAL-D'OISE","N1","2122","H",1,2,2,1,2,3,3,3,2,1,2,1,NA,1,NA,3,1,3,3,1,3,1,NA,NA,NA,NA,"20"
"48","FLOIRAC CENON HB (N","N1","2122","H",3,NA,3,NA,3,NA,1,NA,3,3,NA,NA,3,NA,3,NA,3,NA,3,NA,NA,3,NA,NA,NA,NA,"11"
"49","FRONTIGNAN THAU HANDBALL","N1","2122","H",3,3,2,1,3,3,3,3,3,2,2,1,3,1,3,3,3,1,NA,3,NA,3,NA,NA,NA,NA,"20"
"50","GONFREVILLE HANDBALL","N1","2122","H",3,1,1,3,2,1,1,3,3,NA,3,1,1,NA,3,1,1,3,3,3,NA,3,NA,NA,NA,NA,"19"
"51","GRAND POITIERS HANDBALL","N1","2122","H",3,1,1,1,1,1,NA,1,NA,3,1,3,3,1,1,1,1,3,1,1,1,1,NA,NA,NA,NA,"20"
"52","HAND BALL CLUB GIEN LOIRET","N1","2122","H",3,3,1,3,2,1,1,3,NA,2,3,1,1,1,1,1,1,1,1,3,1,3,NA,NA,NA,NA,"21"
"53","HANDBALL CLUB COURNON D'AUVERGNE","N1","2122","H",1,NA,2,3,1,1,3,3,1,1,2,3,1,3,1,3,1,1,3,1,3,NA,NA,NA,NA,NA,"20"
"54","HANDBALL CLUB DE LIVRY GARGAN","N1","2122","H",1,3,2,1,2,3,3,1,3,3,3,1,3,2,3,3,1,3,1,3,NA,3,NA,NA,NA,NA,"21"
"55","HANDBALL HAZEBROUCK","N1","2122","H",3,3,2,3,3,3,3,3,3,3,3,1,1,2,3,3,3,3,3,3,3,3,NA,NA,NA,NA,"22"
"56","HBC NANTES","N1","2122","H",1,1,NA,2,2,3,1,3,3,1,2,2,3,3,1,3,1,3,3,3,1,3,NA,NA,NA,NA,"21"
"57","LANESTER HB","N1","2122","H",3,1,3,3,3,3,3,3,1,3,3,2,3,3,3,1,3,3,NA,3,3,3,NA,NA,NA,NA,"21"
"58","LILLE METROPOLE - HANDBALL CLUB","N1","2122","H",3,1,1,1,3,3,NA,3,3,1,1,3,1,3,3,2,1,1,1,3,1,3,NA,NA,NA,NA,"21"
"59","LORMONT HB","N1","2122","H",NA,1,NA,NA,1,NA,1,NA,3,NA,1,1,NA,1,1,NA,1,NA,2,NA,1,NA,NA,NA,NA,NA,"11"
"60","MAINVILLIERS-CHARTRES HANDBALL","N1","2122","H",1,1,3,1,2,3,1,3,2,3,1,2,1,1,1,3,NA,3,1,1,3,2,NA,NA,NA,NA,"21"
"61","MASSY ESSONNE HANDBALL","N1","2122","H",3,3,1,1,3,3,NA,1,1,3,1,2,3,1,1,3,3,3,3,1,1,1,NA,NA,NA,NA,"21"
"62","PARIS SAINT-GERMAIN HANDBALL","N1","2122","H",3,3,3,3,1,1,1,1,2,3,3,1,3,3,1,3,NA,3,NA,3,3,3,NA,NA,NA,NA,"20"
"63","PATRONAGE LAIQUE GRANVILLE HANDBALL","N1","2122","H",NA,3,3,1,2,1,1,1,3,1,1,3,1,1,1,1,3,1,3,1,1,1,NA,NA,NA,NA,"21"
"64","PAU NOUSTY SPORTS","N1","2122","H",1,3,2,3,NA,3,NA,1,3,3,1,3,1,3,1,3,3,2,1,1,3,1,NA,NA,NA,NA,"20"
"65","POUZAUGES VENDEE HANDBALL","N1","2122","H",3,1,1,1,1,3,NA,2,1,1,2,2,3,3,1,3,3,3,1,3,1,1,NA,NA,NA,NA,"21"
"66","REVEIL DE NOGENT HANDBALL","N1","2122","H",1,1,3,3,1,3,1,3,1,1,1,2,1,3,1,2,1,1,2,1,1,1,NA,NA,NA,NA,"22"
"67","RIXHEIM","N1","2122","H",1,NA,3,NA,1,NA,1,NA,1,1,NA,NA,3,NA,1,NA,3,NA,3,NA,NA,2,NA,NA,NA,NA,"11"
"68","SAINT CYR HANDBALL","N1","2122","H",1,3,1,3,1,1,1,2,2,3,1,3,NA,3,3,1,3,1,3,3,3,1,NA,NA,NA,NA,"21"
"69","SAVIGNY HB","N1","2122","H",1,1,2,1,NA,1,1,3,1,3,3,3,1,3,3,1,3,3,1,1,3,1,NA,NA,NA,NA,"21"
"70","TORCY HANDBALL MARNE LA VALLEE","N1","2122","H",1,3,2,3,1,3,3,1,1,1,3,3,3,1,1,1,1,1,2,1,3,3,NA,NA,NA,NA,"22"
"71","UNION GIRONDINS DE BORDEAUX BASTIDE","N1","2122","H",1,1,1,1,1,1,3,1,1,1,1,1,1,1,1,1,1,1,1,1,1,1,NA,NA,NA,NA,"22"
"72","UNION SPORTIVE IVRY HANDBALL","N1","2122","H",3,3,3,3,2,1,1,3,3,1,3,3,3,1,1,1,3,1,3,3,2,3,NA,NA,NA,NA,"22"
"73","US CRETEIL HANDBALL","N1","2122","H",1,3,3,3,NA,1,1,1,1,3,1,2,3,3,1,3,3,3,1,1,3,1,NA,NA,NA,NA,"21"
"74","US DREUX VERNOUILLET HANDBALL","N1","2122","H",1,1,1,1,3,1,1,1,1,1,1,1,1,1,NA,1,NA,1,1,1,1,1,NA,NA,NA,NA,"20"
"75","US SAINTES HANDBALL","N1","2122","H",1,1,NA,1,NA,1,3,3,1,1,3,3,1,3,3,2,3,1,3,3,1,3,NA,NA,NA,NA,"20"
"76","AMIENS PICARDIE HANDBALL","N1","2223","H",3,3,1,3,3,1,3,3,2,3,3,1,3,3,3,3,3,3,3,3,3,1,2,3,3,2,"26"
"77","ANGERS SCO HANDBALL","N1","2223","H",3,3,2,3,3,3,NA,3,NA,3,3,1,3,3,3,3,1,3,3,NA,2,3,3,3,3,1,"23"
"78","ANNECY CSAV HANDBALL","N1","2223","H",NA,3,3,1,1,3,3,3,3,3,3,2,1,NA,3,NA,3,1,2,1,3,3,3,3,3,3,"23"
"79","ASB REZE HANDBALL","N1","2223","H",3,3,1,2,1,2,1,3,1,3,1,3,3,2,3,3,1,3,1,3,1,3,1,1,1,3,"26"
"80","ASPTT MULHOUSE","N1","2223","H",1,1,1,3,NA,3,1,2,1,3,3,3,2,3,3,3,2,NA,3,3,3,1,3,3,3,3,"24"
"81","ATHLETIC CLUB BOULOGNE BILLANCOURT","N1","2223","H",3,1,3,3,3,2,3,3,3,3,3,NA,2,1,3,3,3,3,3,3,2,3,3,3,3,1,"25"
"82","BEAUNE HANDBALL","N1","2223","H",3,1,1,1,3,2,3,1,1,1,1,3,3,1,3,1,1,1,1,1,3,1,2,1,1,3,"26"
"83","BELFORT AUHB","N1","2223","H",3,2,2,1,3,3,1,2,3,3,1,1,2,3,3,3,1,2,1,1,1,3,1,1,3,3,"26"
"84","CERCLE PAUL BERT RENNES HB","N1","2223","H",3,1,1,1,1,3,1,3,3,1,3,3,1,1,1,3,1,1,1,3,1,1,3,3,3,1,"26"
"85","CERCLE SPORTIF VESULIEN HAUTE SAONE","N1","2223","H",3,3,2,1,1,2,2,3,2,3,3,3,3,3,3,1,1,1,3,3,1,1,1,1,1,3,"26"
"86","CESSON RENNES METROPOLE HB","N1","2223","H",3,3,2,2,1,3,3,3,3,1,1,NA,3,1,3,1,3,2,3,3,1,2,3,3,1,3,"25"
"87","ELITE VAL D'OISE (N","N1","2223","H",NA,NA,NA,1,NA,3,NA,1,NA,NA,1,NA,NA,2,NA,3,NA,1,NA,3,NA,2,1,NA,1,NA,"11"
"88","ELITE VAL D'OISE (N1M)","N1","2223","H",NA,NA,3,NA,1,NA,1,NA,3,3,NA,3,NA,NA,1,NA,3,NA,1,NA,1,NA,NA,1,NA,NA,"11"
"89","FOLSCHVILLER","N1","2223","H",1,2,3,1,2,3,3,1,3,1,1,1,2,1,1,3,1,1,1,1,3,1,3,1,3,1,"26"
"90","GONFREVILLE HANDBALL","N1","2223","H",3,1,1,3,1,NA,3,2,1,1,1,3,1,1,3,1,1,2,NA,1,NA,NA,1,1,1,3,"22"
"91","GRAND POITIERS HANDBALL","N1","2223","H",2,2,NA,3,3,1,1,1,3,3,1,3,1,1,3,3,2,1,1,1,2,1,3,1,3,1,"25"
"92","HAND BALL CLUB GIEN LOIRET","N1","2223","H",NA,1,3,1,3,3,3,3,3,1,3,1,2,1,3,1,1,1,3,3,3,1,1,1,1,3,"25"
"93","HANDBALL CLUB COURNON D'AUVERGNE","N1","2223","H",1,1,3,1,3,3,1,3,1,3,NA,3,NA,3,1,1,3,3,2,2,3,1,3,NA,1,1,"23"
"94","HANDBALL CLUB DE LIVRY-GARGAN","N1","2223","H",3,3,1,3,3,2,2,1,2,1,1,1,1,1,3,3,3,3,3,1,3,1,3,1,1,1,"26"
"95","HANDBALL HAZEBROUCK","N1","2223","H",3,NA,3,NA,3,1,3,3,3,1,1,1,3,1,NA,2,2,2,1,1,1,3,1,3,3,1,"23"
"96","HBC NANTES","N1","2223","H",3,3,2,3,1,1,3,1,2,1,3,1,1,3,3,3,3,1,1,3,3,3,3,1,1,3,"26"
"97","HENNEBONT-LOCHRIST HB","N1","2223","H",1,3,NA,3,1,1,1,1,1,1,3,1,3,2,3,1,2,3,3,1,1,1,1,3,1,1,"25"
"98","LANESTER HB","N1","2223","H",NA,1,1,NA,1,NA,1,1,2,1,3,1,1,2,1,2,NA,1,1,3,2,1,1,1,3,2,"22"
"99","LILLE METROPOLE - HANDBALL CLUB","N1","2223","H",1,3,3,3,1,1,1,1,2,1,3,1,1,3,1,1,2,3,3,3,1,3,2,1,3,1,"26"
"100","MAINVILLIERS-CHARTRES HANDBALL","N1","2223","H",2,1,3,3,3,1,1,3,1,3,1,1,1,3,1,3,3,2,1,1,1,3,1,3,3,2,"26"
"101","MARTIGUES HANDBALL","N1","2223","H",1,2,1,1,3,1,1,NA,2,1,3,3,3,3,3,3,3,3,2,3,NA,3,NA,3,1,1,"23"
"102","MASSY ESSONNE HANDBALL","N1","2223","H",1,1,3,1,1,3,1,3,1,3,1,NA,1,3,1,1,1,3,1,1,2,2,3,1,2,1,"25"
"103","METZ HANDBALL","N1","2223","H",2,3,3,3,3,1,3,3,2,1,3,3,1,1,1,1,1,1,3,2,1,3,1,3,1,2,"26"
"104","MOLSHEIM","N1","2223","H",1,1,1,3,1,1,1,3,1,3,3,3,3,1,3,3,3,1,1,3,1,3,3,3,3,2,"26"
"105","PARIS SAINT-GERMAIN HANDBALL","N1","2223","H",3,3,3,3,1,1,1,1,NA,3,NA,1,1,1,1,3,1,3,3,3,3,NA,3,1,3,3,"23"
"106","PAU NOUSTY SPORTS","N1","2223","H",1,1,NA,1,3,1,NA,1,3,1,1,2,1,3,3,NA,3,3,2,1,3,NA,3,1,1,3,"22"
"107","POUZAUGES VENDEE HANDBALL","N1","2223","H",1,1,1,1,3,1,3,1,1,1,1,3,3,1,1,1,2,1,1,3,3,3,1,3,3,3,"26"
"108","RIXHEIM","N1","2223","H",NA,3,NA,1,NA,1,3,NA,3,NA,1,NA,2,1,NA,1,NA,NA,NA,NA,1,NA,1,NA,1,NA,"12"
"109","SAINT CYR HANDBALL","N1","2223","H",1,2,1,1,3,3,3,1,2,3,3,3,3,3,1,3,2,1,3,1,2,1,1,3,3,2,"26"
"110","SAVIGNY HB","N1","2223","H",1,3,1,1,1,1,1,1,3,1,1,1,3,3,1,1,1,3,3,1,3,1,1,1,1,3,"26"
"111","SELESTAT ALSACE HANDBALL","N1","2223","H",1,1,1,3,1,1,1,3,2,1,1,1,1,1,1,1,3,1,1,2,1,1,1,3,1,1,"26"
"112","SMV VERNON - SAINT MARCEL","N1","2223","H",NA,3,3,3,3,3,3,1,1,3,3,NA,1,3,1,1,3,3,3,1,3,3,3,1,2,1,"24"
"113","TORCY HANDBALL MARNE-LA-VALLEE","N1","2223","H",1,1,1,1,2,3,3,1,3,3,3,3,1,3,1,3,3,3,3,3,3,1,1,3,1,1,"26"
"114","TREMBLAY HANDBALL","N1","2223","H",2,2,3,1,3,3,3,2,2,3,3,3,3,3,3,3,3,3,3,3,3,3,2,3,3,3,"26"
"115","UNION SPORTIVE DREUX VERNOUILLET HANDBALL","N1","2223","H",1,2,1,3,1,3,3,1,1,NA,1,1,3,1,1,1,1,1,1,1,1,1,NA,3,NA,1,"23"
"116","UNION SPORTIVE IVRY HANDBALL","N1","2223","H",3,1,3,1,1,3,1,3,2,1,1,3,3,3,1,1,2,2,1,1,1,3,3,1,1,3,"26"
"117","US CRETEIL HANDBALL","N1","2223","H",1,2,3,3,1,2,1,1,1,3,1,1,1,1,1,1,1,3,1,1,3,3,3,3,3,2,"26"
"118","US SAINTES HANDBALL","N1","2223","H",3,3,2,3,3,1,3,3,1,1,3,NA,3,NA,1,1,1,1,3,2,1,2,1,1,NA,2,"23"
"119","ANNECY CSAV HANDBALL","N1","2324","H",1,3,3,1,1,3,3,3,NA,1,3,3,3,NA,3,3,3,1,3,3,3,3,NA,NA,NA,NA,"20"
"120","ASB REZE HANDBALL","N1","2324","H",3,3,3,3,3,3,3,3,NA,3,3,3,2,3,3,3,3,3,3,3,1,NA,1,2,1,3,"24"
"121","ASPTT MULHOUSE","N1","2324","H",3,3,1,3,1,1,3,3,3,1,3,3,1,1,3,1,3,3,3,1,3,1,NA,NA,NA,NA,"22"
"122","ATHLETIC CLUB BOULOGNE BILLANCOURT","N1","2324","H",2,3,1,1,3,3,1,1,3,1,1,2,1,1,NA,1,3,1,3,1,3,3,NA,NA,NA,NA,"21"
"123","BELFORT AUHB","N1","2324","H",NA,3,3,3,1,3,1,3,3,NA,2,3,1,3,3,3,1,1,1,2,2,1,NA,1,1,2,"23"
"124","CERCLE PAUL BERT RENNES HB","N1","2324","H",1,2,2,2,3,1,3,1,3,3,1,3,NA,1,3,1,1,3,3,3,3,1,3,3,3,NA,"24"
"125","CERCLE SPORTIF VESULIEN HAUTE SAONE","N1","2324","H",3,3,1,3,3,3,NA,3,1,3,1,3,3,3,3,3,2,1,3,NA,1,1,2,1,3,2,"24"
"126","CESSON RENNES METROPOLE HB","N1","2324","H",1,1,3,1,1,1,1,3,1,3,3,NA,3,1,2,1,2,1,3,1,3,2,1,1,NA,3,"24"
"127","CHAMBERY SAVOIE HB","N1","2324","H",1,3,3,NA,3,1,3,3,3,3,3,3,1,1,2,1,NA,1,1,2,3,1,3,3,3,1,"24"
"128","CS BOURGOIN JALLIEU HB","N1","2324","H",NA,1,1,1,3,3,3,1,1,1,NA,1,1,1,1,1,3,3,1,1,1,3,1,NA,1,1,"23"
"129","ELITE VAL-D'OISE","N1","2324","H",3,1,1,1,NA,1,1,2,3,3,1,3,1,1,1,3,1,3,3,1,1,3,NA,NA,NA,NA,"21"
"130","FOLSCHVILLER","N1","2324","H",2,1,3,2,NA,1,3,1,3,1,3,3,3,2,2,1,3,NA,3,1,2,1,1,1,2,1,"24"
"131","GONFREVILLE HANDBALL","N1","2324","H",1,1,1,1,3,1,1,NA,1,3,3,1,1,1,3,2,1,1,1,1,NA,1,NA,NA,NA,NA,"20"
"132","GRAND POITIERS HANDBALL","N1","2324","H",3,3,1,1,1,2,3,1,1,NA,3,3,1,3,3,1,1,1,1,3,1,3,NA,2,3,1,"24"
"133","HAND BALL CLUB GIEN LOIRET","N1","2324","H",1,1,3,3,1,NA,1,1,3,1,3,1,1,1,1,3,2,1,NA,3,1,1,1,3,1,1,"24"
"134","HANDBALL CLUB DE LIVRY-GARGAN","N1","2324","H",3,NA,3,2,3,1,3,3,1,1,1,3,1,3,NA,3,3,2,3,1,1,3,3,2,3,1,"24"
"135","HANDBALL HAZEBROUCK","N1","2324","H",1,3,1,1,1,3,3,2,NA,3,3,3,3,1,3,1,NA,3,1,1,1,2,NA,NA,NA,NA,"20"
"136","HBC NANTES","N1","2324","H",3,2,NA,2,3,1,1,3,3,1,1,1,3,3,1,NA,1,3,3,3,3,3,3,2,1,3,"24"
"137","HENNEBONT-LOCHRIST HB","N1","2324","H",1,3,1,3,3,3,1,NA,3,3,1,1,3,1,3,1,3,2,1,1,NA,1,1,3,1,3,"24"
"138","LANESTER HB","N1","2324","H",2,1,2,3,1,3,1,1,1,1,1,2,1,1,1,1,1,1,NA,3,3,2,NA,NA,NA,NA,"21"
"139","LILLE METROPOLE - HANDBALL CLUB","N1","2324","H",2,1,NA,1,1,1,1,1,1,1,3,1,3,2,3,NA,1,3,3,3,1,1,3,1,1,3,"24"
"140","MAINVILLIERS-CHARTRES HANDBALL","N1","2324","H",1,1,1,3,3,3,1,1,NA,1,3,1,3,1,1,2,3,1,3,3,1,NA,3,3,3,3,"24"
"141","MARTIGUES HANDBALL","N1","2324","H",2,3,3,3,1,1,NA,3,1,1,1,2,1,3,1,1,1,1,1,3,3,1,NA,NA,NA,NA,"21"
"142","METZ HANDBALL","N1","2324","H",1,1,1,3,1,3,1,NA,3,3,2,3,1,2,1,3,3,3,1,1,NA,3,1,3,3,1,"24"
"143","MOLSHEIM","N1","2324","H",NA,3,3,1,1,3,3,1,3,3,1,1,1,NA,3,2,3,1,3,1,3,1,1,1,2,3,"24"
"144","PARIS SAINT-GERMAIN HANDBALL","N1","2324","H",3,1,2,3,1,2,3,3,NA,3,3,1,3,3,1,2,2,2,1,3,1,1,NA,NA,NA,NA,"21"
"145","POUZAUGES VENDEE HANDBALL","N1","2324","H",1,1,1,1,1,1,1,1,3,1,NA,1,1,1,1,1,1,2,1,1,1,2,1,NA,1,1,"24"
"146","RIXHEIM","N1","2324","H",NA,1,NA,NA,3,NA,1,NA,1,NA,1,1,NA,3,1,NA,1,NA,1,NA,1,NA,NA,NA,NA,NA,"11"
"147","ROUEN HANDBALL","N1","2324","H",3,1,3,1,1,1,3,3,1,3,3,NA,3,3,1,3,2,2,1,3,3,3,3,3,NA,3,"24"
"148","SAINT CYR HANDBALL","N1","2324","H",3,1,3,3,3,3,NA,1,1,1,2,3,1,3,1,3,3,3,1,NA,3,1,3,3,3,1,"24"
"149","SARAN LOIRET HANDBALL","N1","2324","H",3,3,2,NA,1,3,3,3,1,3,3,1,3,3,2,3,NA,2,1,3,3,3,1,1,3,3,"24"
"150","SMV VERNON - SAINT MARCEL","N1","2324","H",1,3,1,2,NA,3,3,1,1,3,2,3,2,1,3,3,3,NA,1,1,1,1,3,1,3,1,"24"
"151","THIONVILLE MOSELLE HANDBALL","N1","2324","H",3,NA,3,1,3,1,1,1,1,1,1,1,1,1,NA,1,1,3,3,1,3,3,2,3,1,3,"24"
"152","TORCY HANDBALL MARNE-LA-VALLEE","N1","2324","H",3,3,1,3,3,1,1,3,3,1,1,3,NA,2,3,1,1,2,1,3,1,3,1,3,3,NA,"24"
"153","TREMBLAY HANDBALL","N1","2324","H",1,1,3,3,3,1,1,NA,3,3,1,NA,3,3,1,3,3,2,3,1,1,1,NA,NA,NA,NA,"20"
"154","UNION SPORTIVE DREUX VERNOUILLET HANDBALL","N1","2324","H",3,NA,3,3,3,3,3,1,3,3,3,1,3,3,3,3,3,3,3,3,1,3,NA,NA,NA,NA,"21"
"155","UNION SPORTIVE IVRY HANDBALL","N1","2324","H",NA,1,1,1,1,2,1,3,3,1,1,1,3,NA,1,1,1,1,3,1,3,3,3,1,1,3,"24"
"156","US CRETEIL HANDBALL","N1","2324","H",1,3,1,2,1,NA,3,3,1,3,1,1,3,3,1,3,1,3,NA,3,3,3,3,1,1,1,"24"
"157","US SAINTES HANDBALL","N1","2324","H",2,3,3,1,3,2,3,1,1,1,NA,2,3,3,3,3,2,3,1,3,3,3,NA,NA,NA,NA,"21"
"158","AS ST BRICE","N1","2425","H",1,1,3,1,3,1,1,3,3,NA,3,3,2,1,NA,NA,NA,NA,NA,NA,NA,NA,NA,NA,NA,NA,"13"
"159","ASB REZE HANDBALL","N1","2425","H",NA,3,1,2,1,3,NA,2,1,1,3,3,NA,3,NA,NA,NA,NA,NA,NA,NA,NA,NA,NA,NA,NA,"11"
"160","ASPTT MULHOUSE","N1","2425","H",1,3,3,3,3,3,3,1,NA,1,1,3,1,NA,NA,NA,NA,NA,NA,NA,NA,NA,NA,NA,NA,NA,"12"
"161","ATHLETIC CLUB BOULOGNE-BILLANCOURT","N1","2425","H",3,3,NA,3,1,1,1,1,1,3,3,3,3,3,NA,NA,NA,NA,NA,NA,NA,NA,NA,NA,NA,NA,"13"
"162","BELFORT AUHB","N1","2425","H",3,1,NA,1,3,1,3,3,1,1,3,1,3,3,NA,NA,NA,NA,NA,NA,NA,NA,NA,NA,NA,NA,"13"
"163","BILLY MONTIGNY","N1","2425","H",1,3,1,1,1,1,NA,1,3,1,1,NA,1,1,NA,NA,NA,NA,NA,NA,NA,NA,NA,NA,NA,NA,"12"
"164","BRUGES","N1","2425","H",NA,3,3,3,1,3,3,3,3,1,3,1,3,NA,NA,NA,NA,NA,NA,NA,NA,NA,NA,NA,NA,NA,"12"
"165","CERCLE PAUL BERT RENNES HB","N1","2425","H",3,1,3,1,1,1,3,3,3,1,1,3,NA,1,NA,NA,NA,NA,NA,NA,NA,NA,NA,NA,NA,NA,"13"
"166","CERCLE SPORTIF VESULIEN HAUTE SAONE","N1","2425","H",1,2,1,NA,1,3,1,3,1,1,1,NA,1,3,NA,NA,NA,NA,NA,NA,NA,NA,NA,NA,NA,NA,"12"
"167","CESSON RENNES METROPOLE HB","N1","2425","H",1,2,1,3,NA,2,1,3,NA,3,1,NA,1,2,NA,NA,NA,NA,NA,NA,NA,NA,NA,NA,NA,NA,"11"
"168","DRAGUIGNAN VAR HANDBALL","N1","2425","H",1,1,1,3,3,2,NA,3,3,3,1,3,1,3,NA,NA,NA,NA,NA,NA,NA,NA,NA,NA,NA,NA,"13"
"169","ELITE VAL-D'OISE","N1","2425","H",NA,NA,3,NA,3,3,3,2,1,3,1,1,3,NA,NA,NA,NA,NA,NA,NA,NA,NA,NA,NA,NA,NA,"10"
"170","FOLSCHVILLER","N1","2425","H",3,3,3,3,3,3,2,3,1,3,3,3,NA,1,NA,NA,NA,NA,NA,NA,NA,NA,NA,NA,NA,NA,"13"
"171","GONFREVILLE HANDBALL","N1","2425","H",NA,3,3,3,1,3,3,3,1,3,1,1,3,NA,NA,NA,NA,NA,NA,NA,NA,NA,NA,NA,NA,NA,"12"
"172","GRAND LIBOURNAIS HB","N1","2425","H",1,1,1,1,2,2,2,1,NA,3,1,3,3,1,NA,NA,NA,NA,NA,NA,NA,NA,NA,NA,NA,NA,"13"
"173","GRAND POITIERS HANDBALL","N1","2425","H",1,1,3,3,3,NA,2,1,NA,3,3,NA,3,1,NA,NA,NA,NA,NA,NA,NA,NA,NA,NA,NA,NA,"11"
"174","HANDBALL CLUB DE LIVRY-GARGAN","N1","2425","H",1,1,3,1,3,3,3,1,1,1,NA,1,1,3,NA,NA,NA,NA,NA,NA,NA,NA,NA,NA,NA,NA,"13"
"175","HANDBALL HAZEBROUCK","N1","2425","H",3,1,3,1,1,1,3,3,2,NA,1,1,3,1,NA,NA,NA,NA,NA,NA,NA,NA,NA,NA,NA,NA,"13"
"176","HBC NANTES","N1","2425","H",3,3,3,1,3,NA,2,1,1,1,NA,1,3,3,NA,NA,NA,NA,NA,NA,NA,NA,NA,NA,NA,NA,"12"
"177","HENNEBONT-LOCHRIST HB","N1","2425","H",1,NA,NA,3,3,2,2,2,3,1,3,1,1,3,NA,NA,NA,NA,NA,NA,NA,NA,NA,NA,NA,NA,"12"
"178","L'HUISSERIE (N","N1","2425","H",2,NA,NA,1,NA,3,NA,NA,NA,NA,NA,1,NA,NA,NA,NA,NA,NA,NA,NA,NA,NA,NA,NA,NA,NA,"4"
"179","LANESTER HB","N1","2425","H",1,NA,1,1,3,1,2,1,3,NA,3,3,3,3,NA,NA,NA,NA,NA,NA,NA,NA,NA,NA,NA,NA,"12"
"180","LILLE METROPOLE - HANDBALL CLUB","N1","2425","H",3,3,1,3,1,NA,1,1,3,1,3,2,1,3,NA,NA,NA,NA,NA,NA,NA,NA,NA,NA,NA,NA,"13"
"181","LORMONT HB","N1","2425","H",NA,1,1,NA,3,NA,1,NA,1,NA,1,NA,1,NA,NA,NA,NA,NA,NA,NA,NA,NA,NA,NA,NA,NA,"7"
"182","MAINVILLIERS-CHARTRES HANDBALL","N1","2425","H",1,2,1,2,1,2,1,1,NA,3,NA,3,1,3,NA,NA,NA,NA,NA,NA,NA,NA,NA,NA,NA,NA,"12"
"183","MARTIGUES HANDBALL","N1","2425","H",3,1,1,1,1,NA,1,2,3,3,NA,1,1,1,NA,NA,NA,NA,NA,NA,NA,NA,NA,NA,NA,NA,"12"
"184","METZ HANDBALL","N1","2425","H",1,3,1,3,3,1,NA,1,3,3,3,2,1,2,NA,NA,NA,NA,NA,NA,NA,NA,NA,NA,NA,NA,"13"
"185","MOLSHEIM","N1","2425","H",3,1,3,3,1,3,2,NA,3,3,3,3,3,2,NA,NA,NA,NA,NA,NA,NA,NA,NA,NA,NA,NA,"13"
"186","PARIS SAINT-GERMAIN HANDBALL","N1","2425","H",3,1,3,1,3,2,3,NA,2,1,3,3,NA,1,NA,NA,NA,NA,NA,NA,NA,NA,NA,NA,NA,NA,"12"
"187","RIXHEIM","N1","2425","H",3,NA,1,1,NA,1,NA,3,NA,3,NA,1,NA,NA,NA,NA,NA,NA,NA,NA,NA,NA,NA,NA,NA,NA,"7"
"188","ROUEN HANDBALL","N1","2425","H",3,3,3,1,NA,1,1,3,3,3,1,1,3,3,NA,NA,NA,NA,NA,NA,NA,NA,NA,NA,NA,NA,"13"
"189","SAINT CYR HANDBALL","N1","2425","H",3,3,NA,1,NA,2,3,3,3,NA,3,1,3,3,NA,NA,NA,NA,NA,NA,NA,NA,NA,NA,NA,NA,"11"
"190","SARAN LOIRET HANDBALL","N1","2425","H",3,NA,NA,3,3,1,1,NA,1,1,3,3,1,1,NA,NA,NA,NA,NA,NA,NA,NA,NA,NA,NA,NA,"11"
"191","SELESTAT ALSACE HANDBALL","N1","2425","H",3,1,1,NA,3,3,1,1,1,1,1,3,2,1,NA,NA,NA,NA,NA,NA,NA,NA,NA,NA,NA,NA,"13"
"192","THIONVILLE MOSELLE HANDBALL","N1","2425","H",1,1,1,1,1,1,NA,1,NA,1,1,1,1,1,NA,NA,NA,NA,NA,NA,NA,NA,NA,NA,NA,NA,"12"
"193","TORCY HANDBALL MARNE-LA-VALLEE","N1","2425","H",3,3,1,NA,1,2,NA,1,3,3,3,1,3,1,NA,NA,NA,NA,NA,NA,NA,NA,NA,NA,NA,NA,"12"
"194","TREMBLAY HANDBALL","N1","2425","H",1,2,1,1,1,3,1,1,1,1,1,NA,1,1,NA,NA,NA,NA,NA,NA,NA,NA,NA,NA,NA,NA,"13"
"195","UNION SPORTIVE DREUX VERNOUILLET HANDBALL","N1","2425","H",NA,3,3,3,1,NA,2,3,3,3,3,1,3,NA,NA,NA,NA,NA,NA,NA,NA,NA,NA,NA,NA,NA,"11"
"196","UNION SPORTIVE IVRY HANDBALL","N1","2425","H",3,1,3,NA,2,1,3,3,1,NA,1,3,1,2,NA,NA,NA,NA,NA,NA,NA,NA,NA,NA,NA,NA,"12"
"197","UNION SUD MAYENNE","N1","2425","H",2,NA,3,3,3,1,1,NA,1,NA,1,3,1,1,NA,NA,NA,NA,NA,NA,NA,NA,NA,NA,NA,NA,"11"
"198","US CRETEIL HANDBALL","N1","2425","H",1,NA,1,3,1,3,3,3,1,3,1,3,3,3,NA,NA,NA,NA,NA,NA,NA,NA,NA,NA,NA,NA,"13"
"199","US SAINTES HANDBALL","N1","2425","H",1,3,3,3,NA,3,3,1,3,1,3,1,3,3,NA,NA,NA,NA,NA,NA,NA,NA,NA,NA,NA,NA,"13"
