"","saison","division","HF","journee","code_rencontre","diff_point","diff_point_norm"
"1","2021","N1","H","J1","PADEKUF",0,0
"2","2021","N1","H","J1","PADEKUG",0,0
"3","2021","N1","H","J1","PADEKUH",NA,NA
"4","2021","N1","H","J1","PADEKUI",0,0
"5","2021","N1","H","J1","PADEKUJ",0,0
"6","2021","N1","H","J1","PADEKUK",0,0
"7","2021","N1","H","J2","PADEKUL",NA,NA
"8","2021","N1","H","J2","PADEKUM",-2,-0.807105101612682
"9","2021","N1","H","J2","PADEKUO",-2,-0.807105101612682
"10","2021","N1","H","J2","PADEKUP",-2,-0.807105101612682
"11","2021","N1","H","J2","PADEKUQ",-2,-0.807105101612682
"12","2021","N1","H","J3","PADEKUT",NA,NA
"13","2021","N1","H","J3","PADEKUU",1,0.682221028637269
"14","2021","N1","H","J3","PADEKUV",3,1.40992345918369
"15","2021","N1","H","J3","PADEKUW",0,0
"16","2021","N1","H","J4","PADEKUX",NA,NA
"17","2021","N1","H","J4","PADEKVA",0,0
"18","2021","N1","H","J4","PADJXPA",2,0.708683386892301
"19","2021","N1","H","J4","PADEKVC",0,0
"20","2021","N1","H","J5","PADEKVD",NA,NA
"21","2021","N1","H","J5","PADEKVE",NA,NA
"22","2021","N1","H","J5","PADEKVI",3,NA
"23","2122","N1","H","J1","RADODIX",0,0
"24","2122","N1","H","J1","RADPBYY",0,0
"25","2122","N1","H","J1","RADODIZ",0,0
"26","2122","N1","H","J1","RADODJA",0,0
"27","2122","N1","H","J1","RADODJB",0,0
"28","2122","N1","H","J1","RADODJC",0,0
"29","2122","N1","H","J2","RADODJD",0,0
"30","2122","N1","H","J2","RADODJE",0,0
"31","2122","N1","H","J2","RADODJF",-2,-1.08653373420044
"32","2122","N1","H","J2","RADODJG",-2,-1.08653373420044
"33","2122","N1","H","J2","RADODJH",-2,-1.08653373420044
"34","2122","N1","H","J2","RADODJI",-2,-1.08653373420044
"35","2122","N1","H","J3","RADODJJ",0,0
"36","2122","N1","H","J3","RADPHVQ",2,0.766032346285426
"37","2122","N1","H","J3","RADODJL",-1,-0.824957911384306
"38","2122","N1","H","J3","RADODJM",2,0.766032346285426
"39","2122","N1","H","J3","RADQOJG",3,1.29636243217534
"40","2122","N1","H","J3","RADODJO",4,1.82669251806525
"41","2122","N1","H","J4","RADODJP",0,0
"42","2122","N1","H","J4","RADTDLI",-2,-0.747783722168312
"43","2122","N1","H","J4","RADODJR",1,0.40593973489137
"44","2122","N1","H","J4","RADODJS",1,0.40593973489137
"45","2122","N1","H","J4","RADODJT",-3,-1.13235820785487
"46","2122","N1","H","J4","RADODJU",-3,-1.13235820785487
"47","2122","N1","H","J5","RADODJV",2,0.539708905547016
"48","2122","N1","H","J5","RADODJW",3,0.845543952023658
"49","2122","N1","H","J5","RADPDXT",4,1.1513789985003
"50","2122","N1","H","J5","RADODJY",-2,-0.683631280359554
"51","2122","N1","H","J5","RADODJZ",3,0.845543952023658
"52","2122","N1","H","J5","RADTMXW",0,0
"53","2122","N1","H","J6","RADODKB",2,0.580641027838186
"54","2122","N1","H","J6","RADODKC",-1,-0.184105691753571
"55","2122","N1","H","J6","RADODKD",-6,-1.45868355773983
"56","2122","N1","H","J6","RADODKE",-6,-1.45868355773983
"57","2122","N1","H","J6","RADODKF",1,0.325725454640934
"58","2122","N1","H","J6","RADODKG",2,0.580641027838186
"59","2122","N1","H","J7","RADODKH",3,0.770110449711099
"60","2122","N1","H","J7","RADWKVD",1,0.200898378185504
"61","2122","N1","H","J7","RADODKJ",3,0.770110449711099
"62","2122","N1","H","J7","RADODKK",7,1.90853459276229
"63","2122","N1","H","J7","RADODKL",3,0.770110449711099
"64","2122","N1","H","J7","RADODKM",-5,-1.50673783639128
"65","2122","N1","H","J8","RADODKN",5,1.08790822397731
"66","2122","N1","H","J8","RADODKO",-2,-0.296702242902903
"67","2122","N1","H","J8","RADODKP",0,0
"68","2122","N1","H","J8","RADODKQ",0,0
"69","2122","N1","H","J8","RADODKR",-3,-0.494503738171505
"70","2122","N1","H","J8","RADODKS",-4,-0.692305233440107
"71","2122","N1","H","J9","RADODKT",5,0.818909142988166
"72","2122","N1","H","J9","RADODKU",1,0.0112179334655913
"73","2122","N1","H","J9","RADODKV",-1,-0.392627671295696
"74","2122","N1","H","J9","RADODKW",-6,-1.40224168319891
"75","2122","N1","H","J9","RADODKX",1,0.0112179334655913
"76","2122","N1","H","J9","RADODKY",12,2.23236875965267
"77","2122","N1","H","J10","RADODKZ",4,1.00320367913835
"78","2122","N1","H","J10","RADODLA",7,1.76683633042277
"79","2122","N1","H","J10","RADODLB",3,0.748659462043548
"80","2122","N1","H","J10","RADODLC",3,0.748659462043548
"81","2122","N1","H","J10","RADODLD",1,0.239571027853935
"82","2122","N1","H","J10","RADODLE",-6,-1.54223849180971
"83","2122","N1","H","J11","RADODLF",-2,-0.288741001399526
"84","2122","N1","H","J11","RADODLG",-8,-1.17971323428949
"85","2122","N1","H","J11","RADODLH",-9,-1.32820860643782
"86","2122","N1","H","J11","RADWGXF",3,0.453735859342112
"87","2122","N1","H","J11","RADODLJ",0,0
"88","2122","N1","H","J11","RADODLK",-6,-0.882722489992837
"89","2122","N1","H","J12","RADODLL",3,0.366154886121863
"90","2122","N1","H","J12","RADODLM",-2,-0.366154886121863
"91","2122","N1","H","J12","RADODLN",1,0.0732309772243727
"92","2122","N1","H","J12","RAEAFJD",-4,-0.659078795019354
"93","2122","N1","H","J12","RADODLP",-1,-0.219692931673118
"94","2122","N1","H","J12","RADODLQ",-9,-1.39138856726308
"95","2122","N1","H","J13","RADODLR",2,0.405152362123709
"96","2122","N1","H","J13","RADZMGG",-9,-1.19925099188618
"97","2122","N1","H","J13","RADODLT",-5,-0.615831590428038
"98","2122","N1","H","J13","RADODLU",5,0.842716913217315
"99","2122","N1","H","J13","RADODLV",15,2.30126541686267
"100","2122","N1","H","J13","RAEAMRH",4,0.696862062852779
"101","2122","N1","H","J14","RADODLX",10,1.35537839348781
"102","2122","N1","H","J14","RADPHVR",-5,-0.644360219854861
"103","2122","N1","H","J14","RADODLZ",3,0.422167040594564
"104","2122","N1","H","J14","RADODMA",-6,-0.777676127411039
"105","2122","N1","H","J14","RADODMB",-6,-0.777676127411039
"106","2122","N1","H","J14","RADODMC",-14,-1.84420338786046
"107","2122","N1","H","J15","RADODMD",1,-0.01878295952025
"108","2122","N1","H","J15","RADODME",10,0.995496854573252
"109","2122","N1","H","J15","RADODMF",2,0.0939147976012502
"110","2122","N1","H","J15","RADODMG",0,0
"111","2122","N1","H","J15","RADODMH",3,0.20661255472275
"112","2122","N1","H","J15","RADODMI",14,1.44628788305925
"113","2122","N1","H","J16","RADODMJ",0,0
"114","2122","N1","H","J16","RAEAQKX",-11,-1.01011729523307
"115","2122","N1","H","J16","RADODML",-11,-1.01011729523307
"116","2122","N1","H","J16","RADODMM",-3,-0.106658347943865
"117","2122","N1","H","J16","RADODMN",-10,-0.897184926821919
"118","2122","N1","H","J16","RADODMO",-3,-0.106658347943865
"119","2122","N1","H","J17","RADODMP",-10,-1.12843958616792
"120","2122","N1","H","J17","RADODMQ",0,0
"121","2122","N1","H","J17","RADODMR",10,0.829057655143778
"122","2122","N1","H","J17","RADODMS",24,2.19930572406197
"123","2122","N1","H","J17","RADODMT",-1,-0.247565827577656
"124","2122","N1","H","J17","RADODMU",-3,-0.443315551708825
"125","2122","N1","H","J18","RADODMV",4,0.528705108035559
"126","2122","N1","H","J18","RADODMW",3,0.40669623695043
"127","2122","N1","H","J18","RADODMX",-13,-1.54544570041163
"128","2122","N1","H","J18","RADODMY",-8,-0.935401344985988
"129","2122","N1","H","J18","RADODMZ",-9,-1.05741021607112
"130","2122","N1","H","J18","RADODNA",7,0.894731721290945
"131","2122","N1","H","J19","RADODNB",-9,-0.918176260764712
"132","2122","N1","H","J19","RADODNC",15,1.23754191668287
"133","2122","N1","H","J19","RADODND",-7,-0.738533079310747
"134","2122","N1","H","J19","RADODNE",-3,-0.379246716402816
"135","2122","N1","H","J19","RADODNF",2,0.0698612372320976
"136","2122","N1","H","J19","RADODNG",6,0.429147600140028
"137","2122","N1","H","J20","RADODNH",-15,-1.3129347338098
"138","2122","N1","H","J20","RADODNI",6,0.798934752914051
"139","2122","N1","H","J20","RADODNJ",1,0.296108684646467
"140","2122","N1","H","J20","RADODNK",11,1.30176082118164
"141","2122","N1","H","J20","RADODNL",5,0.698369539260534
"142","2122","N1","H","J20","RADODNM",-18,-1.61463037477036
"143","2122","N1","H","J21","RADODNO",-18,-1.74852562530812
"144","2122","N1","H","J21","RADODNP",-10,-1.02655375421316
"145","2122","N1","H","J21","RADODNQ",-5,-0.575321334778802
"146","2122","N1","H","J21","RADODNR",3,0.146650536316165
"147","2122","N1","H","J21","RADODNS",7,0.507636471863649
"148","2122","N1","H","J22","RADODNT",3,0.37276225102098
"149","2122","N1","H","J22","RADODNU",2,0.301077202747715
"150","2122","N1","H","J22","RAECAUN",26,2.02151836130608
"151","2122","N1","H","J22","RADODNW",-8,-0.415773279984939
"152","2122","N1","H","J22","RAEBTPP",-9,-0.487458328258205
"153","2122","N1","H","J22","RADODNY",8,0.731187492387307
"154","2223","N1","H","J1","SAEEEXO",0,0
"155","2223","N1","H","J1","SAEEEXP",0,0
"156","2223","N1","H","J1","SAEEEXR",0,0
"157","2223","N1","H","J1","SAEEEXT",0,0
"158","2223","N1","H","J1","SAEEEXU",0,0
"159","2223","N1","H","J2","SAEEEXV",-2,-1.24351692780124
"160","2223","N1","H","J2","SAEEEXX",0,0
"161","2223","N1","H","J2","SAEEEXY",3,2.03798607611869
"162","2223","N1","H","J2","SAEFESQ",2,1.38168547533471
"163","2223","N1","H","J2","SAEEEYA",NA,NA
"164","2223","N1","H","J2","SAEEEYB",0,0
"165","2223","N1","H","J3","SAEEEYD",-3,-1.50191185170258
"166","2223","N1","H","J3","SAEEEYE",-1,-0.441738779912523
"167","2223","N1","H","J3","SAEEEYF",-1,-0.441738779912523
"168","2223","N1","H","J3","SAEGNHG",1,0.618434291877532
"169","2223","N1","H","J3","SAEEEYH",0,0
"170","2223","N1","H","J3","SAEEEYI",NA,NA
"171","2223","N1","H","J4","SAEEEYJ",2,0.790123724406462
"172","2223","N1","H","J4","SAEEEYL",4,1.5407412625926
"173","2223","N1","H","J4","SAEEEYM",-3,-1.08642012105889
"174","2223","N1","H","J4","SAEIUEU",-4,-1.46172889015195
"175","2223","N1","H","J4","SAEEEYO",-1,-0.335802582872746
"176","2223","N1","H","J4","SAEEEYP",NA,NA
"177","2223","N1","H","J5","SAEEEYQ",-2,-0.493218290735764
"178","2223","N1","H","J5","SAEEEYR",-1,-0.118372389776583
"179","2223","N1","H","J5","SAEEEYT",-1,-0.118372389776583
"180","2223","N1","H","J5","SAEEEYU",-1,-0.118372389776583
"181","2223","N1","H","J5","SAEEEYV",NA,NA
"182","2223","N1","H","J5","SAEEEYW",-4,-1.24291009265412
"183","2223","N1","H","J6","SAEEEYX",3,1.28438565248935
"184","2223","N1","H","J6","SAEEEYY",0,0
"185","2223","N1","H","J6","SAEFBZJ",-6,-1.8531850128775
"186","2223","N1","H","J6","SAEEEZB",NA,NA
"187","2223","N1","H","J6","SAEEEZC",4,1.63300461530789
"188","2223","N1","H","J6","SAEEEZD",0,0
"189","2223","N1","H","J7","SAEFBZA",2,0.281987277814102
"190","2223","N1","H","J7","SAEEEZF",3,0.616847170218349
"191","2223","N1","H","J7","SAEEEZG",-2,-1.05745229180288
"192","2223","N1","H","J7","SAEEEZH",NA,NA
"193","2223","N1","H","J7","SAEEEZJ",-3,-1.39231218420713
"194","2223","N1","H","J7","SAEEEZK",2,0.281987277814102
"195","2223","N1","H","J8","SAEEEZL",8,1.70766156014596
"196","2223","N1","H","J8","SAEEEZM",2,0.505973795598804
"197","2223","N1","H","J8","SAEEEZN",NA,NA
"198","2223","N1","H","J8","SAEEEZO",9,1.90794285423716
"199","2223","N1","H","J8","SAEEEZP",0,0
"200","2223","N1","H","J8","SAEEEZR",1,0.305692501507611
"201","2223","N1","H","J9","SAEEEZS",-3,-0.862882428091125
"202","2223","N1","H","J9","SAEEEZT",NA,NA
"203","2223","N1","H","J9","SAEEEZU",-8,-2.00140785404469
"204","2223","N1","H","J9","SAEEEZV",1,0.0479379126717292
"205","2223","N1","H","J9","SAEEEZW",-1,-0.407472257709698
"206","2223","N1","H","J9","SAEEEZX",2,0.275642997862443
"207","2223","N1","H","J10","SAEEEZZ",NA,NA
"208","2223","N1","H","J10","SAEEFAA",8,1.42730477233773
"209","2223","N1","H","J10","SAEEFAB",2,0.363822785105697
"210","2223","N1","H","J10","SAEEFAC",-1,-0.167918208510322
"211","2223","N1","H","J10","SAEEFAD",-3,-0.522412204254334
"212","2223","N1","H","J10","SAEEFAE",5,0.895563778721716
"213","2223","N1","H","J11","SAEMNKZ",11,1.9169818260441
"214","2223","N1","H","J11","SAEEFAH",NA,NA
"215","2223","N1","H","J11","SAEEFAI",3,0.460075638250584
"216","2223","N1","H","J11","SAEEFAJ",-2,-0.450490729120363
"217","2223","N1","H","J11","SAEEFAK",-3,-0.632604002594552
"218","2223","N1","H","J11","SAEEFAM",-4,-0.814717276068742
"219","2223","N1","H","J12","SAEEFAN",10,1.85549828797362
"220","2223","N1","H","J12","SAEEFAO",-13,-2.48881207488678
"221","2223","N1","H","J12","SAEEFAP",NA,NA
"222","2223","N1","H","J12","SAEEFAQ",3,0.533316873190023
"223","2223","N1","H","J12","SAEEFAS",-2,-0.411098423083976
"224","2223","N1","H","J12","SAENGQQ",5,0.911082991699623
"225","2223","N1","H","J13","SAEMHLR",-1,-0.261323725145062
"226","2223","N1","H","J13","SAEMPNJ",-5,-1.06539672559141
"227","2223","N1","H","J13","SAEEFAW",9,1.7488587759708
"228","2223","N1","H","J13","SAEEFAY",2,0.341731025189697
"229","2223","N1","H","J13","SAEEFAZ",-10,-2.07048797614934
"230","2223","N1","H","J13","SAENALW",-1,-0.261323725145062
"231","2223","N1","H","J14","SAEOVVY",-7,-0.926925301363915
"232","2223","N1","H","J14","SAEEFBC",0,0
"233","2223","N1","H","J14","SAEEFBE",12,2.20036473407883
"234","2223","N1","H","J14","SAEEFBF",NA,NA
"235","2223","N1","H","J14","SAEEFBG",-4,-0.433142664188745
"236","2223","N1","H","J14","SAEEFBH",-5,-0.597736876580469
"237","2223","N1","H","J15","SAEEFBI",1,-0.00727947377194946
"238","2223","N1","H","J15","SAEMWWH",-3,-0.560519480440109
"239","2223","N1","H","J15","SAEEFBL",10,1.23751054123141
"240","2223","N1","H","J15","SAEEFBM",-8,-1.25206948877531
"241","2223","N1","H","J15","SAEEFBN",NA,NA
"242","2223","N1","H","J15","SAEEFBO",8,0.96089053789733
"243","2223","N1","H","J16","SAEEFBQ",1,0.329404764102321
"244","2223","N1","H","J16","SAEEFBR",-7,-0.713710322221696
"245","2223","N1","H","J16","SAEPRLN",-1,0.068625992521317
"246","2223","N1","H","J16","SAEEFBT",-2,-0.0617633932691853
"247","2223","N1","H","J16","SAENGIE",8,1.24213046463584
"248","2223","N1","H","J16","SAEEFBV",NA,NA
"249","2223","N1","H","J17","SAEEFBW",1,-0.291568656788973
"250","2223","N1","H","J17","SAEEFBY",3,0.00788023396726957
"251","2223","N1","H","J17","SAEEFBZ",-4,-1.04019088367958
"252","2223","N1","H","J17","SAEEFCA",1,-0.291568656788973
"253","2223","N1","H","J17","SAEEFCB",7,0.606778015479755
"254","2223","N1","H","J17","SAEEFCC",NA,NA
"255","2223","N1","H","J18","SAEEFCD",-6,-0.462516920261317
"256","2223","N1","H","J18","SAEEFCE",-8,-0.776367687581497
"257","2223","N1","H","J18","SAEQJGS",-5,-0.305591536601227
"258","2223","N1","H","J18","SAERCIW",-4,-0.148666152941138
"259","2223","N1","H","J18","SAEEFCI",NA,NA
"260","2223","N1","H","J18","SAEEFCJ",7,1.57751306731985
"261","2223","N1","H","J19","SAEEFCK",-5,-0.805806804108117
"262","2223","N1","H","J19","SAEEFCL",-12,-1.62391600217208
"263","2223","N1","H","J19","SAEFBZK",8,0.713538849439249
"264","2223","N1","H","J19","SAEEFCO",NA,NA
"265","2223","N1","H","J19","SAEEFCP",-13,-1.74078874475265
"266","2223","N1","H","J19","SAEPZQH",0,0
"267","2223","N1","H","J20","SAEFBYZ",-5,-0.14173667737846
"268","2223","N1","H","J20","SAEEFCS",1,0.708683386892301
"269","2223","N1","H","J20","SAEEFCT",5,1.27563009640614
"270","2223","N1","H","J20","SAEEFCU",NA,NA
"271","2223","N1","H","J20","SAEEFCW",-5,-0.14173667737846
"272","2223","N1","H","J20","SAEEFCX",5,1.27563009640614
"273","2223","N1","H","J21","SAEEFCY",-5,-0.664855247859528
"274","2223","N1","H","J21","SAEEFCZ",11,0.832300273246372
"275","2223","N1","H","J21","SAEEFDA",NA,NA
"276","2223","N1","H","J21","SAEEFDB",-22,-2.25558298903455
"277","2223","N1","H","J21","SAEEFDC",12,0.925872493315491
"278","2223","N1","H","J21","SAEEFDE",-2,-0.384138587652172
"279","2223","N1","H","J22","SAEEFDG",NA,NA
"280","2223","N1","H","J22","SAEEFDH",7,1.10445541011592
"281","2223","N1","H","J22","SAEEFDI",0,0
"282","2223","N1","H","J22","SAEEFDJ",13,1.81871399869389
"283","2223","N1","H","J22","SAEEFDK",-7,-0.562147963232656
"284","2223","N1","H","J23","SAEEFDM",NA,NA
"285","2223","N1","H","J23","SAEEFDN",-20,-1.60652692915294
"286","2223","N1","H","J23","SAEEFDO",4,0.606694459649902
"287","2223","N1","H","J23","SAEEFDP",0,0
"288","2223","N1","H","J23","SAEEFDQ",-5,-0.223263561151164
"289","2223","N1","H","J23","SAEEFDR",-10,-0.68435135048509
"290","2223","N1","H","J24","SAEFQVU",-16,-1.38487946546188
"291","2223","N1","H","J24","SAEEFDU",NA,NA
"292","2223","N1","H","J24","SAEEFDV",11,0.944018182339064
"293","2223","N1","H","J24","SAEEFDW",3,0.253974434842489
"294","2223","N1","H","J24","SAEEFDX",NA,NA
"295","2223","N1","H","J24","SAEEFDZ",-1,-0.091047438905798
"296","2223","N1","H","J25","SAEEFEA",NA,NA
"297","2223","N1","H","J25","SAEEFEB",NA,NA
"298","2223","N1","H","J25","SAEEFEC",NA,NA
"299","2223","N1","H","J25","SAEEFED",NA,NA
"300","2223","N1","H","J25","SAEEFEF",NA,NA
"301","2223","N1","H","J25","SAEEFEG",NA,NA
"302","2223","N1","H","J26","SAEEFEH",NA,NA
"303","2223","N1","H","J26","SAEEFEI",NA,NA
"304","2223","N1","H","J26","SAEEFEJ",NA,NA
"305","2223","N1","H","J26","SAEEFEL",NA,NA
"306","2223","N1","H","J26","SAEEFEM",NA,NA
"307","2223","N1","H","J26","SAEEFEN",NA,NA
"308","2324","N1","H","J1","TAEUMXS",0,0
"309","2324","N1","H","J1","TAEUMXT",0,0
"310","2324","N1","H","J1","TAEUMXU",0,0
"311","2324","N1","H","J1","TAEUMXV",0,0
"312","2324","N1","H","J1","TAEUMXW",0,0
"313","2324","N1","H","J1","TAEUMXX",0,0
"314","2324","N1","H","J2","TAEUMXY",-1,-0.869226987360353
"315","2324","N1","H","J2","TAEUMXZ",0,0
"316","2324","N1","H","J2","TAEUMYA",-1,-0.869226987360353
"317","2324","N1","H","J2","TAEUMYB",1,0.695381589888282
"318","2324","N1","H","J2","TAEUMYC",0,0
"319","2324","N1","H","J2","TAEUMYD",1,0.695381589888282
"320","2324","N1","H","J3","TAEUMYE",-2,-1.00730499961382
"321","2324","N1","H","J3","TAEUMYF",1,0.592532352714014
"322","2324","N1","H","J3","TAEUMYG",-1,-0.474025882171211
"323","2324","N1","H","J3","TAEUMYH",-3,-1.54058411705644
"324","2324","N1","H","J3","TAEUMYI",-2,-1.00730499961382
"325","2324","N1","H","J3","TAEUMYJ",1,0.592532352714014
"326","2324","N1","H","J4","TAEUMYK",-1,-0.44954017155514
"327","2324","N1","H","J4","TAEUMYL",-1,-0.44954017155514
"328","2324","N1","H","J4","TAEUMYM",2,0.706420269586648
"329","2324","N1","H","J4","TAEXBWS",-2,-0.834860318602402
"330","2324","N1","H","J4","TAEUMYO",0,0
"331","2324","N1","H","J4","TAEUMYP",0,0
"332","2324","N1","H","J5","TAEUMYQ",1,0.600414624818933
"333","2324","N1","H","J5","TAEUMYR",-5,-1.3645786927703
"334","2324","N1","H","J5","TAEUMYS",4,1.58291128361355
"335","2324","N1","H","J5","TAEUMYT",1,0.600414624818933
"336","2324","N1","H","J5","TAEVYJH",4,1.58291128361355
"337","2324","N1","H","J5","TAEUMYV",-3,-0.709580920240557
"338","2324","N1","H","J6","TAEUMYW",-2,-0.650061585056812
"339","2324","N1","H","J6","TAEUMYX",-1,-0.401101829077607
"340","2324","N1","H","J6","TAEUMYY",-2,-0.650061585056812
"341","2324","N1","H","J6","TAEUMYZ",-4,-1.14798109701522
"342","2324","N1","H","J6","TAEUMZA",-2,-0.650061585056812
"343","2324","N1","H","J6","TAEUMZB",-1,-0.401101829077607
"344","2324","N1","H","J7","TAEUMZC",2,0.75565340048614
"345","2324","N1","H","J7","TAEUMZD",6,1.69370589764135
"346","2324","N1","H","J7","TAEUMZE",3,0.990166524774942
"347","2324","N1","H","J7","TAEUMZF",0,0
"348","2324","N1","H","J7","TAEUMZG",-1,0.0521140276197338
"349","2324","N1","H","J7","TAEUMZH",4,1.22467964906374
"350","2324","N1","H","J8","TAEUMZI",2,0.261676529092668
"351","2324","N1","H","J8","TAEUMZJ",2,0.261676529092668
"352","2324","N1","H","J8","TAEUMZL",0,0
"353","2324","N1","H","J8","TAEUMZM",-4,-1.64482389715391
"354","2324","N1","H","J8","TAEUMZN",-2,-1.00932375507172
"355","2324","N1","H","J9","TAEUMZP",-3,-0.612576005487768
"356","2324","N1","H","J9","TAEUMZQ",-4,-0.812841238051076
"357","2324","N1","H","J9","TAEUMZR",9,1.79060678527194
"358","2324","N1","H","J9","TAEUMZS",1,0.188484924765467
"359","2324","N1","H","J9","TAEUMZT",0,0
"360","2324","N1","H","J10","TAEUMZU",-3,-0.54076944408682
"361","2324","N1","H","J10","TAEUMZV",2,0.646285433176931
"362","2324","N1","H","J10","TAEUMZW",-4,-0.77818041953957
"363","2324","N1","H","J10","TAEUMZX",-1,-0.0659474931813195
"364","2324","N1","H","J10","TAEUMZY",-9,-1.96523529680332
"365","2324","N1","H","J10","TAEUMZZ",1,0.408874457724181
"366","2324","N1","H","J11","TAFCODW",3,0.584374910831472
"367","2324","N1","H","J11","TAEUNAB",5,1.02265609395508
"368","2324","N1","H","J11","TAEUNAC",3,0.584374910831472
"369","2324","N1","H","J11","TAEUNAD",2,0.36523431926967
"370","2324","N1","H","J11","TAEUNAE",-3,-0.73046863853934
"371","2324","N1","H","J11","TAEUNAF",4,0.803515502393274
"372","2324","N1","H","J12","TAFCOMR",-4,-0.707196751894378
"373","2324","N1","H","J12","TAEUNAH",3,0.603197229556969
"374","2324","N1","H","J12","TAEUNAI",3,0.603197229556969
"375","2324","N1","H","J12","TAFDHCM",-3,-0.519997611687042
"376","2324","N1","H","J12","TAEUNAK",-1,-0.145599331272372
"377","2324","N1","H","J12","TAEUNAL",2,0.415998089349634
"378","2324","N1","H","J13","TAFFWHJ",-9,-1.52451687125332
"379","2324","N1","H","J13","TAEUNAN",2,0.28299414975361
"380","2324","N1","H","J13","TAEUNAO",4,0.611632517209414
"381","2324","N1","H","J13","TAEUNAP",1,0.118674966025707
"382","2324","N1","H","J13","TAEUNAQ",-6,-1.03155932006961
"383","2324","N1","H","J13","TAEUNAR",0,0
"384","2324","N1","H","J14","TAEUNAS",-2,-0.321897833205992
"385","2324","N1","H","J14","TAFFVVR",-9,-1.26513334446076
"386","2324","N1","H","J14","TAEUNAU",-10,-1.39988127464001
"387","2324","N1","H","J14","TAEUNAV",3,0.351841817690271
"388","2324","N1","H","J14","TAEUNAW",-2,-0.321897833205992
"389","2324","N1","H","J14","TAEUNAX",2,0.217093887511018
"390","2324","N1","H","J15","TAEUNAY",2,0.248065961483173
"391","2324","N1","H","J15","TAEUNAZ",6,0.806214374820312
"392","2324","N1","H","J15","TAEUNBA",0,0
"393","2324","N1","H","J15","TAFCPKA",11,1.50389989149174
"394","2324","N1","H","J15","TAEUNBC",3,0.387603064817458
"395","2324","N1","H","J15","TAEUNBD",0,0
"396","2324","N1","H","J16","TAEUNBE",-12,-1.4556764000964
"397","2324","N1","H","J16","TAEUNBF",9,1.4556764000964
"398","2324","N1","H","J16","TAEUNBG",-7,-0.762497161955259
"399","2324","N1","H","J16","TAFGUNB",-10,-1.17840470483995
"400","2324","N1","H","J16","TAEUNBI",-7,-0.762497161955259
"401","2324","N1","H","J16","TAEUNBJ",-3,-0.207953771442343
"402","2324","N1","H","J17","TAEUNBK",14,1.46731919291125
"403","2324","N1","H","J17","TAEUNBL",-3,-0.279761246897476
"404","2324","N1","H","J17","TAFGYHO",0,0
"405","2324","N1","H","J17","TAEUNBN",1,0.131316503645754
"406","2324","N1","H","J17","TAEUNBO",10,1.05624144236802
"407","2324","N1","H","J17","TAEUNBP",14,1.46731919291125
"408","2324","N1","H","J18","TAEUNBQ",-13,-1.2643750159102
"409","2324","N1","H","J18","TAEUNBR",-10,-0.981071070436546
"410","2324","N1","H","J18","TAEUNBS",5,0.435448656931729
"411","2324","N1","H","J18","TAEUNBT",1,0.0577100629668556
"412","2324","N1","H","J18","TAEUNBU",-8,-0.792201773454109
"413","2324","N1","H","J18","TAEUNBV",-21,-2.01985220383995
"414","2324","N1","H","J19","TAEUNBW",4,0.573608723940919
"415","2324","N1","H","J19","TAEUNBX",-4,-0.205633316129763
"416","2324","N1","H","J19","TAEUNBY",10,1.15804025399393
"417","2324","N1","H","J19","TAEUNBZ",0,0
"418","2324","N1","H","J19","TAEUNCA",9,1.0606349989851
"419","2324","N1","H","J19","TAEUNCB",15,1.64506652903811
"420","2324","N1","H","J20","TAEUNCC",-9,-0.899464994605398
"421","2324","N1","H","J20","TAEUNCD",0,0
"422","2324","N1","H","J20","TAEUNCE",-5,-0.509335599354864
"423","2324","N1","H","J20","TAEUNCF",-22,-2.16738552916964
"424","2324","N1","H","J20","TAEUNCG",-7,-0.704400296980131
"425","2324","N1","H","J20","TAEUNCH",-3,-0.314270901729597
"426","2324","N1","H","J21","TAEUNCI",8,0.78417956879094
"427","2324","N1","H","J21","TAEUNCJ",5,0.428333377911018
"428","2324","N1","H","J21","TAEUNCK",10,1.02141036271089
"429","2324","N1","H","J21","TAEUNCL",8,0.78417956879094
"430","2324","N1","H","J21","TAEUNCM",14,1.49587195055078
"431","2324","N1","H","J21","TAEUNCN",-9,-1.23228217952862
"432","2324","N1","H","J22","TAEUNCO",-16,-1.53557510279194
"433","2324","N1","H","J22","TAEUNCP",-12,-1.05487333148316
"434","2324","N1","H","J22","TAEUNCQ",-8,-0.574171560174377
"435","2324","N1","H","J22","TAEUNCR",0,0
"436","2324","N1","H","J22","TAEUNCS",6,1.10828463940636
"437","2324","N1","H","J22","TAFDPSL",-6,-0.333820674519987
"438","2021","N1","H","J1","PADEKZH",0,0
"439","2021","N1","H","J1","PADICWP",0,0
"440","2021","N1","H","J1","PADEKZJ",0,0
"441","2021","N1","H","J1","PADEKZK",0,0
"442","2021","N1","H","J1","PADEKZL",0,0
"443","2021","N1","H","J1","PADEKZM",0,0
"444","2021","N1","H","J2","PADEKZN",0,0
"445","2021","N1","H","J2","PADEKZO",2,1.56040319645119
"446","2021","N1","H","J2","PADEKZP",0,0
"447","2021","N1","H","J2","PADEKZQ",0,0
"448","2021","N1","H","J2","PADEKZR",2,1.56040319645119
"449","2021","N1","H","J3","PADEKZT",-2,-0.409332617182361
"450","2021","N1","H","J3","PADEKZV",-4,-1.13703504772878
"451","2021","N1","H","J3","PADEKZX",-3,-0.773183832455572
"452","2021","N1","H","J3","PADEKZY",-4,-1.13703504772878
"453","2021","N1","H","J4","PADKRPV",-4,-1.27563009640614
"454","2021","N1","H","J4","PADELAB",-3,-0.944911182523068
"455","2021","N1","H","J4","PADKXTT",5,1.70084012854152
"456","2021","N1","H","J4","PADELAE",-1,-0.28347335475692
"457","2021","N1","H","J5","PADLFYR",NA,NA
"458","2021","N1","H","J5","PADLHRQ",NA,NA
"459","2021","N1","H","J5","PADELAH",NA,NA
"460","2021","N1","H","J5","PADELAI",NA,NA
"461","2021","N1","H","J5","PADELAJ",NA,NA
"462","2122","N1","H","J1","RADODNZ",0,0
"463","2122","N1","H","J1","RADODOA",0,0
"464","2122","N1","H","J1","RADODOB",NA,NA
"465","2122","N1","H","J1","RADODOC",0,0
"466","2122","N1","H","J1","RADODOD",0,0
"467","2122","N1","H","J1","RADODOE",0,0
"468","2122","N1","H","J2","RADODOF",0,0
"469","2122","N1","H","J2","RADODOG",0,0
"470","2122","N1","H","J2","RADODOH",0,0
"471","2122","N1","H","J2","RADODOI",0,0
"472","2122","N1","H","J2","RADODOJ",-2,-1.08653373420044
"473","2122","N1","H","J2","RADODOK",-2,-1.08653373420044
"474","2122","N1","H","J3","RADODOL",-2,-1.35528799727422
"475","2122","N1","H","J3","RADODOM",2,0.766032346285426
"476","2122","N1","H","J3","RADODON",0,0
"477","2122","N1","H","J3","RADODOO",-2,-1.35528799727422
"478","2122","N1","H","J3","RADODOP",0,0
"479","2122","N1","H","J3","RADODOQ",2,0.766032346285426
"480","2122","N1","H","J4","RADODOR",0,0
"481","2122","N1","H","J4","RADODOS",-4,-1.51693269354143
"482","2122","N1","H","J4","RADODOT",-2,-0.747783722168312
"483","2122","N1","H","J4","RADODOU",-3,-1.13235820785487
"484","2122","N1","H","J4","RADODOV",0,0
"485","2122","N1","H","J4","RADODOW",4,1.55966319195105
"486","2122","N1","H","J5","RADODOX",0,0
"487","2122","N1","H","J5","RADODOY",4,1.1513789985003
"488","2122","N1","H","J5","RADODOZ",4,1.1513789985003
"489","2122","N1","H","J5","RADODPA",4,1.1513789985003
"490","2122","N1","H","J5","RADODPB",-1,-0.377796233882911
"491","2122","N1","H","J5","RADODPC",-4,-1.29530137331284
"492","2122","N1","H","J6","RADODPD",2,0.580641027838186
"493","2122","N1","H","J6","RADODPE",-1,-0.184105691753571
"494","2122","N1","H","J6","RADODPF",-5,-1.20376798454258
"495","2122","N1","H","J6","RADODPG",-1,-0.184105691753571
"496","2122","N1","H","J6","RADODPH",3,0.835556601035438
"497","2122","N1","H","J6","RADODPI",-2,-0.439021264950824
"498","2122","N1","H","J7","RADODPJ",1,0.200898378185504
"499","2122","N1","H","J7","RADODPK",-3,-0.937525764865685
"500","2122","N1","H","J7","RADODPL",-4,-1.22213180062848
"501","2122","N1","H","J7","RADODPM",-4,-1.22213180062848
"502","2122","N1","H","J7","RADODPN",1,0.200898378185504
"503","2122","N1","H","J7","RADODPO",3,0.770110449711099
"504","2122","N1","H","J8","RADODPP",-1,-0.0989007476343011
"505","2122","N1","H","J8","RADODPQ",5,1.08790822397731
"506","2122","N1","H","J8","RADODPR",10,2.07691570032032
"507","2122","N1","H","J8","RADODPS",4,0.890106728708709
"508","2122","N1","H","J8","RADODPT",-6,-1.08790822397731
"509","2122","N1","H","J8","RADODPU",-2,-0.296702242902903
"510","2122","N1","H","J9","RADODPV",-2,-0.59455047367634
"511","2122","N1","H","J9","RADODPW",-7,-1.60416448557956
"512","2122","N1","H","J9","RADODPX",-2,-0.59455047367634
"513","2122","N1","H","J9","RADURDX",-3,-0.796473276056984
"514","2122","N1","H","J9","RADODPZ",-2,-0.59455047367634
"515","2122","N1","H","J9","RADODQA",2,0.213140735846235
"516","2122","N1","H","J10","RADODQB",NA,NA
"517","2122","N1","H","J10","RADODQC",-1,-0.269517406335677
"518","2122","N1","H","J10","RADODQD",-2,-0.524061623430483
"519","2122","N1","H","J10","RADODQE",-1,-0.269517406335677
"520","2122","N1","H","J10","RADODQF",5,1.25774789623316
"521","2122","N1","H","J10","RADODQG",-1,-0.269517406335677
"522","2122","N1","H","J11","RADODQH",1,0.156745115045457
"523","2122","N1","H","J11","RADODQI",12,1.79019420867706
"524","2122","N1","H","J11","RADODQJ",0,0
"525","2122","N1","H","J11","RADODQK",-3,-0.437236373547854
"526","2122","N1","H","J11","RADODQL",4,0.60223123149044
"527","2122","N1","H","J11","RADODQM",-8,-1.17971323428949
"528","2122","N1","H","J12","RADYQQR",-2,-0.366154886121863
"529","2122","N1","H","J12","RADODQO",1,0.0732309772243727
"530","2122","N1","H","J12","RADODQP",7,0.952002703916845
"531","2122","N1","H","J12","RADODQQ",6,0.8055407494681
"532","2122","N1","H","J12","RADODQR",-6,-0.952002703916845
"533","2122","N1","H","J12","RADODQS",-8,-1.24492661281434
"534","2122","N1","H","J13","RADODQT",-4,-0.469976740063502
"535","2122","N1","H","J13","RADODQU",6,0.98857176358185
"536","2122","N1","H","J13","RADODQV",-5,-0.615831590428038
"537","2122","N1","H","J13","RADODQW",-8,-1.05339614152164
"538","2122","N1","H","J13","RADODQX",6,0.98857176358185
"539","2122","N1","H","J13","RADODQY",3,0.551007212488244
"540","2122","N1","H","J14","RADODQZ",-6,-0.777676127411039
"541","2122","N1","H","J14","RADODRA",2,0.288851133038386
"542","2122","N1","H","J14","RADODRB",-8,-1.0443079425234
"543","2122","N1","H","J14","RADODRC",-9,-1.17762385007957
"544","2122","N1","H","J14","RADODRD",11,1.48869430104399
"545","2122","N1","H","J14","RADODRE",-1,-0.111096589630148
"546","2122","N1","H","J15","RADODRF",8,0.770101340330252
"547","2122","N1","H","J15","RADODRG",-2,-0.356876230884751
"548","2122","N1","H","J15","RADODRH",12,1.22089236881625
"549","2122","N1","H","J15","RADODRI",4,0.319310311844251
"550","2122","N1","H","J15","RADODRJ",2,0.0939147976012502
"551","2122","N1","H","J15","RADODRK",-13,-1.59655155922125
"552","2122","N1","H","J16","RADODRL",-6,-0.445455453177316
"553","2122","N1","H","J16","RADODRM",-14,-1.34891440046652
"554","2122","N1","H","J16","RADODRN",4,0.68386823093419
"555","2122","N1","H","J16","RADODRO",-3,-0.106658347943865
"556","2122","N1","H","J16","RADODRP",-4,-0.219590716355015
"557","2122","N1","H","J16","RADODRQ",12,1.5873271782234
"558","2122","N1","H","J17","RADODRR",-2,-0.345440689643241
"559","2122","N1","H","J17","RADODRS",-2,-0.345440689643241
"560","2122","N1","H","J17","RADODRT",1,-0.0518161034464861
"561","2122","N1","H","J17","RADODRU",-8,-0.93268986203675
"562","2122","N1","H","J17","RADODRV",NA,NA
"563","2122","N1","H","J17","RAEAQRO",5,0.339683344815853
"564","2122","N1","H","J18","RADODRX",-6,-0.691383602815731
"565","2122","N1","H","J18","RADODRY",13,1.62678494780172
"566","2122","N1","H","J18","RADODRZ",2,0.284687365865301
"567","2122","N1","H","J18","RADODSA",13,1.62678494780172
"568","2122","N1","H","J18","RADODSB",4,0.528705108035559
"569","2122","N1","H","J18","RADODSC",-7,-0.813392473900859
"570","2122","N1","H","J19","RADODSD",9,0.698612372320977
"571","2122","N1","H","J19","RADODSE",-2,-0.289425125675833
"572","2122","N1","H","J19","RADODSF",-27,-2.5349648938504
"573","2122","N1","H","J19","RADODSG",-2,-0.289425125675833
"574","2122","N1","H","J19","RADODSH",5,0.339326009413046
"575","2122","N1","H","J19","RADODSI",-4,-0.469068307129799
"576","2122","N1","H","J20","RADODSJ",-4,-0.206717383621118
"577","2122","N1","H","J20","RADODSK",12,1.40232603483515
"578","2122","N1","H","J20","RADODSL",-2,-0.00558695631408428
"579","2122","N1","H","J20","RADODSM",6,0.798934752914051
"580","2122","N1","H","J20","RAECCBP",-2,-0.00558695631408428
"581","2122","N1","H","J20","RADODSO",2,0.396673898299984
"582","2122","N1","H","J21","RADODSP",23,1.95158021405358
"583","2122","N1","H","J21","RADODSQ",4,0.236897020203036
"584","2122","N1","H","J21","RADODSR",8,0.59788295575052
"585","2122","N1","H","J21","RADODSS",6,0.417389987976778
"586","2122","N1","H","J21","RADODST",-17,-1.65827914142125
"587","2122","N1","H","J21","RADODSU",2,0.0564040524292944
"588","2122","N1","H","J22","RADODSV",-6,-0.272403183438408
"589","2122","N1","H","J22","RADODSW",-24,-1.56273405235719
"590","2122","N1","H","J22","RAECGRW",NA,NA
"591","2122","N1","H","J22","RADODSY",NA,NA
"592","2122","N1","H","J22","RAEBSAF",-4,-0.129033086891878
"593","2122","N1","H","J22","RAECDMN",11,0.946242637207103
"594","2223","N1","H","J1","SAEEFEO",0,0
"595","2223","N1","H","J1","SAEEFEP",0,0
"596","2223","N1","H","J1","SAEEFER",0,0
"597","2223","N1","H","J1","SAEEFES",0,0
"598","2223","N1","H","J1","SAEEFET",0,0
"599","2223","N1","H","J1","SAEEHQC",0,0
"600","2223","N1","H","J2","SAEEFEV",-1,-0.58721632701725
"601","2223","N1","H","J2","SAEEFEW",-1,-0.58721632701725
"602","2223","N1","H","J2","SAEFCFH",1,0.725384874550721
"603","2223","N1","H","J2","SAEEIBE",0,0
"604","2223","N1","H","J2","SAEEFEZ",2,1.38168547533471
"605","2223","N1","H","J2","SAEEFFA",0,0
"606","2223","N1","H","J2","SAEEFFB",2,1.38168547533471
"607","2223","N1","H","J3","SAEEFFC",-2,-0.97182531580755
"608","2223","N1","H","J3","SAEEFFE",0,0
"609","2223","N1","H","J3","SAEEFFF",-1,-0.441738779912523
"610","2223","N1","H","J3","SAEEFFG",-2,-0.97182531580755
"611","2223","N1","H","J3","SAEEFFH",-4,-2.0319983875976
"612","2223","N1","H","J3","SAEEFFI",0,0
"613","2223","N1","H","J4","SAEEFFJ",1,0.414814955313392
"614","2223","N1","H","J4","SAEEFFK",-3,-1.08642012105889
"615","2223","N1","H","J4","SAEEFFL",3,1.16543249349953
"616","2223","N1","H","J4","SAEEFFM",-2,-0.711111351965816
"617","2223","N1","H","J4","SAEFCFI",1,0.414814955313392
"618","2223","N1","H","J4","SAEEFFO",3,1.16543249349953
"619","2223","N1","H","J4","SAEEFFP",-1,-0.335802582872746
"620","2223","N1","H","J5","SAEEFFQ",-1,-0.118372389776583
"621","2223","N1","H","J5","SAEEFFR",-4,-1.24291009265412
"622","2223","N1","H","J5","SAEEFFS",5,2.1307030159785
"623","2223","N1","H","J5","SAEEFFT",-3,-0.868064191694944
"624","2223","N1","H","J5","SAEEFFU",-1,-0.118372389776583
"625","2223","N1","H","J5","SAEEFFV",1,0.631319412141778
"626","2223","N1","H","J5","SAEEFFW",-3,-0.868064191694944
"627","2223","N1","H","J6","SAEEFFX",-1,-0.110090198784802
"628","2223","N1","H","J6","SAEEFFY",0,0
"629","2223","N1","H","J6","SAEEFFZ",2,0.935766689670815
"630","2223","N1","H","J6","SAEEFGA",-2,-0.458709161603341
"631","2223","N1","H","J6","SAEEFGB",1,0.587147726852276
"632","2223","N1","H","J6","SAEEFGC",-3,-0.80732812442188
"633","2223","N1","H","J6","SAEFCFJ",3,1.28438565248935
"634","2223","N1","H","J7","SAEEFGE",1,-0.0528726145901442
"635","2223","N1","H","J7","SAEEFGF",2,0.281987277814102
"636","2223","N1","H","J7","SAEEFGG",-5,-2.06203196901562
"637","2223","N1","H","J7","SAEEFGH",4,0.951707062622596
"638","2223","N1","H","J7","SAEEFGI",5,1.28656695502684
"639","2223","N1","H","J7","SAEEFGJ",-1,-0.722592399398637
"640","2223","N1","H","J7","SAEEFGK",2,0.281987277814102
"641","2223","N1","H","J8","SAEEFGL",-3,-0.495432674857162
"642","2223","N1","H","J8","SAEJGQD",5,1.10681767787238
"643","2223","N1","H","J8","SAEEFGN",-6,-1.09627655713074
"644","2223","N1","H","J8","SAEEFGO",4,0.906536383781191
"645","2223","N1","H","J8","SAEEFGP",-4,-0.695713968948356
"646","2223","N1","H","J8","SAEEFGQ",-6,-1.09627655713074
"647","2223","N1","H","J8","SAEEFGR",-4,-0.695713968948356
"648","2223","N1","H","J9","SAEEFGS",-2,-0.635177342900412
"649","2223","N1","H","J9","SAEEFGT",6,1.1864633386253
"650","2223","N1","H","J9","SAEEFGU",-2,-0.635177342900412
"651","2223","N1","H","J9","SAEEFGV",6,1.1864633386253
"652","2223","N1","H","J9","SAEEFGW",-7,-1.77370276885398
"653","2223","N1","H","J9","SAEEFGX",9,1.86957859419744
"654","2223","N1","H","J9","SAEEFGY",6,1.1864633386253
"655","2223","N1","H","J10","SAEEFGZ",6,1.07281077659372
"656","2223","N1","H","J10","SAEEFHA",-2,-0.345165206382328
"657","2223","N1","H","J10","SAEEFHB",-6,-1.05415319787035
"658","2223","N1","H","J10","SAEEFHC",1,0.186575787233691
"659","2223","N1","H","J10","SAEEFHD",-11,-1.94038818723038
"660","2223","N1","H","J10","SAEEFHE",5,0.895563778721716
"661","2223","N1","H","J10","SAEEFHF",-9,-1.58589419148637
"662","2223","N1","H","J11","SAEEFHG",0,0
"663","2223","N1","H","J11","SAEMJQI",2,0.277962364776394
"664","2223","N1","H","J11","SAEEFHI",-1,-0.268377455646174
"665","2223","N1","H","J11","SAEEFHJ",9,1.55275527909572
"666","2223","N1","H","J11","SAEEFHK",-3,-0.632604002594552
"667","2223","N1","H","J11","SAEEFHL",11,1.9169818260441
"668","2223","N1","H","J11","SAEEFHM",0,0
"669","2223","N1","H","J12","SAEEFHN",2,0.344433813935223
"670","2223","N1","H","J12","SAEEFHO",1,0.155550754680423
"671","2223","N1","H","J12","SAENGQR",-1,-0.222215363829176
"672","2223","N1","H","J12","SAEEFHS",-4,-0.788864541593576
"673","2223","N1","H","J12","SAEEFHT",0,0
"674","2223","N1","H","J13","SAEEFHU",3,0.542749275301283
"675","2223","N1","H","J13","SAEEFHV",5,0.944785775524456
"676","2223","N1","H","J13","SAEEFHW",-1,-0.261323725145062
"677","2223","N1","H","J13","SAEEFHX",3,0.542749275301283
"678","2223","N1","H","J13","SAEEFHY",6,1.14580402563604
"679","2223","N1","H","J13","SAEEFHZ",-4,-0.864378475479821
"680","2223","N1","H","J13","SAEEFIA",6,1.14580402563604
"681","2223","N1","H","J14","SAEEFIB",-4,-0.433142664188745
"682","2223","N1","H","J14","SAEEFIC",-2,-0.103954239405299
"683","2223","N1","H","J14","SAEEFID",4,0.883611034945041
"684","2223","N1","H","J14","SAEEFIE",6,1.21279945972849
"685","2223","N1","H","J14","SAEEFIF",-12,-1.74989636332253
"686","2223","N1","H","J14","SAEEFIG",4,0.883611034945041
"687","2223","N1","H","J14","SAEEHQD",-4,-0.433142664188745
"688","2223","N1","H","J15","SAEEFII",-5,-0.837139483774189
"689","2223","N1","H","J15","SAEEFIJ",-1,-0.283899477106029
"690","2223","N1","H","J15","SAEEFIK",-4,-0.698829482107149
"691","2223","N1","H","J15","SAEEFIL",7,0.82258053623029
"692","2223","N1","H","J15","SAEEFIM",-7,-1.11375948710827
"693","2223","N1","H","J15","SAEEFIN",6,0.68427053456325
"694","2223","N1","H","J15","SAEEFIO",-4,-0.698829482107149
"695","2223","N1","H","J16","SAEEFIP",3,0.590183535683326
"696","2223","N1","H","J16","SAEEFIQ",4,0.720572921473828
"697","2223","N1","H","J16","SAEEFIR",-14,-1.62643602275521
"698","2223","N1","H","J16","SAEEFIS",5,0.85096230726433
"699","2223","N1","H","J16","SAEEFIT",-5,-0.452931550640692
"700","2223","N1","H","J16","SAEEFIU",7,1.11174107884533
"701","2223","N1","H","J16","SAEQMZG",-4,-0.32254216485019
"702","2223","N1","H","J17","SAEEFIW",9,0.906226906235998
"703","2223","N1","H","J17","SAEEFIX",13,1.50512468774848
"704","2223","N1","H","J17","SAEEFIY",-9,-1.78881311057019
"705","2223","N1","H","J17","SAEEFIZ",10,1.05595135161412
"706","2223","N1","H","J17","SAEEFJA",-5,-1.1899153290577
"707","2223","N1","H","J17","SAEEFJB",-1,-0.591017547545216
"708","2223","N1","H","J17","SAEEFJC",1,-0.291568656788973
"709","2223","N1","H","J18","SAEEFJD",-13,-1.56099460588195
"710","2223","N1","H","J18","SAEEFJE",3,0.94981153267949
"711","2223","N1","H","J18","SAEEFJF",-9,-0.933293071241586
"712","2223","N1","H","J18","SAEQLES",8,1.73443845097994
"713","2223","N1","H","J18","SAEEFJH",-6,-0.462516920261317
"714","2223","N1","H","J18","SAEEFJI",-5,-0.305591536601227
"715","2223","N1","H","J18","SAEEFJJ",2,0.792886149019401
"716","2223","N1","H","J19","SAEEFJK",12,1.18102981976151
"717","2223","N1","H","J19","SAEEFJL",-4,-0.68893406152755
"718","2223","N1","H","J19","SAEEFJM",-2,-0.455188576366417
"719","2223","N1","H","J19","SAEEFJN",5,0.362920621697549
"720","2223","N1","H","J19","SAEEFJO",5,0.362920621697549
"721","2223","N1","H","J19","SAEEFJP",7,0.596666106858682
"722","2223","N1","H","J19","SAEEFJQ",-1,-0.338315833785851
"723","2223","N1","H","J20","SAEEFJR",-9,-0.708683386892301
"724","2223","N1","H","J20","SAEEFJS",-3,0.14173667737846
"725","2223","N1","H","J20","SAERBQN",8,1.70084012854152
"726","2223","N1","H","J20","SAEEFJU",-9,-0.708683386892301
"727","2223","N1","H","J20","SAEEFJV",-6,-0.28347335475692
"728","2223","N1","H","J20","SAEEFJW",-1,0.425210032135381
"729","2223","N1","H","J20","SAEEFJX",-11,-0.992156741649222
"730","2223","N1","H","J21","SAEEFJY",11,0.832300273246372
"731","2223","N1","H","J21","SAEEFJZ",-6,-0.758427467928647
"732","2223","N1","H","J21","SAEEFKA",16,1.30016137359197
"733","2223","N1","H","J21","SAEEFKB",-11,-1.22628856827424
"734","2223","N1","H","J21","SAEEFKC",5,0.27086695283166
"735","2223","N1","H","J21","SAEEFKD",7,0.458011392969897
"736","2223","N1","H","J21","SAEEFKE",14,1.11301693345373
"737","2223","N1","H","J22","SAEEFKF",0,0
"738","2223","N1","H","J22","SAEEFKG",-14,-1.39544964990695
"739","2223","N1","H","J22","SAEEFKH",7,1.10445541011592
"740","2223","N1","H","J22","SAEEFKI",-10,-0.919277257521638
"741","2223","N1","H","J22","SAERJXA",6,0.985412312019598
"742","2223","N1","H","J22","SAEEFKK",-17,-1.75257894419593
"743","2223","N1","H","J22","SAEEFKL",-10,-0.919277257521638
"744","2223","N1","H","J23","SAEEFKM",-4,-0.131046003284379
"745","2223","N1","H","J23","SAEEFKN",1,0.330041786049547
"746","2223","N1","H","J23","SAEEFKO",9,1.06778224898383
"747","2223","N1","H","J23","SAEEFKP",-6,-0.315481119017949
"748","2223","N1","H","J23","SAEEFKQ",19,1.98995782765168
"749","2223","N1","H","J23","SAEEFKR",-6,-0.315481119017949
"750","2223","N1","H","J23","SAEEFKS",15,1.62108759618454
"751","2223","N1","H","J24","SAEEFKT",1,0.0814634979683456
"752","2223","N1","H","J24","SAEMJQH",-7,-0.608580249528229
"753","2223","N1","H","J24","SAEEFKV",-6,-0.522324781091157
"754","2223","N1","H","J24","SAEEFKW",-20,-1.72990133921016
"755","2223","N1","H","J24","SAEEFKX",4,0.340229903279561
"756","2223","N1","H","J24","SAEEFKY",-18,-1.55739040233602
"757","2223","N1","H","J24","SAEEFKZ",2,0.167718966405417
"758","2223","N1","H","J25","SAEEFLA",3,0.297126208194552
"759","2223","N1","H","J25","SAEEFLB",1,0.0781911074196189
"760","2223","N1","H","J25","SAEEFLC",6,0.625528859356951
"761","2223","N1","H","J25","SAEQVAZ",6,0.625528859356951
"762","2223","N1","H","J25","SAEEFLE",17,1.82967191361908
"763","2223","N1","H","J25","SAEEFLF",2,0.187658657807085
"764","2223","N1","H","J25","SAEROFN",-3,-0.359679094130247
"765","2223","N1","H","J26","SAEEFLH",-2,-0.496174573390596
"766","2223","N1","H","J26","SAEEFLI",NA,NA
"767","2223","N1","H","J26","SAEEFLJ",-3,-0.609337195391961
"768","2223","N1","H","J26","SAEEFLK",0,0
"769","2223","N1","H","J26","SAEEFLL",-12,-1.62780079340424
"770","2223","N1","H","J26","SAEQFVQ",1,-0.156686707386504
"771","2223","N1","H","J26","SAEEFLN",-1,-0.383011951389232
"772","2324","N1","H","J1","TAEUNCV",0,0
"773","2324","N1","H","J1","TAEUNCW",0,0
"774","2324","N1","H","J1","TAEUNCX",0,0
"775","2324","N1","H","J1","TAEUNCY",0,0
"776","2324","N1","H","J1","TAEUNCZ",0,0
"777","2324","N1","H","J1","TAEUNDA",0,0
"778","2324","N1","H","J2","TAEUNDB",-1,-0.869226987360353
"779","2324","N1","H","J2","TAEUNDD",0,0
"780","2324","N1","H","J2","TAEUNDE",2,1.4776858785126
"781","2324","N1","H","J2","TAEUNDF",-2,-1.65153127598467
"782","2324","N1","H","J2","TAEUNDG",2,1.4776858785126
"783","2324","N1","H","J2","TAEUNDH",0,0
"784","2324","N1","H","J3","TAEUNDI",-2,-1.00730499961382
"785","2324","N1","H","J3","TAEUNDJ",2,1.12581147015663
"786","2324","N1","H","J3","TAEUNDL",2,1.12581147015663
"787","2324","N1","H","J3","TAEUNDM",-3,-1.54058411705644
"788","2324","N1","H","J3","TAEUNDN",0,0
"789","2324","N1","H","J3","TAEUNDO",-2,-1.00730499961382
"790","2324","N1","H","J4","TAEUNDP",7,2.63302100482296
"791","2324","N1","H","J4","TAEUNDQ",-1,-0.44954017155514
"792","2324","N1","H","J4","TAEUNDR",-2,-0.834860318602402
"793","2324","N1","H","J4","TAEUNDT",4,1.47706056368117
"794","2324","N1","H","J4","TAEUNDU",0,0
"795","2324","N1","H","J4","TAEUNDV",0,0
"796","2324","N1","H","J5","TAEUNDW",-3,-0.709580920240557
"797","2324","N1","H","J5","TAEUNDX",-4,-1.03707980650543
"798","2324","N1","H","J5","TAEUNDY",1,0.600414624818933
"799","2324","N1","H","J5","TAEUNDZ",-4,-1.03707980650543
"800","2324","N1","H","J5","TAEUNEB",-4,-1.03707980650543
"801","2324","N1","H","J5","TAEUNEC",-1,-0.0545831477108121
"802","2324","N1","H","J6","TAEUNED",5,1.09265670679762
"803","2324","N1","H","J6","TAEUNEE",0,0
"804","2324","N1","H","J6","TAEUNEF",10,2.33745548669364
"805","2324","N1","H","J6","TAEUNEG",-5,-1.39694085299442
"806","2324","N1","H","J6","TAEUNEH",4,0.843696950818415
"807","2324","N1","H","J6","TAEUNEJ",3,0.594737194839211
"808","2324","N1","H","J7","TAEUNEK",-6,-1.12045159382428
"809","2324","N1","H","J7","TAEUNEL",-5,-0.885938469535475
"810","2324","N1","H","J7","TAEUNEM",0,0
"811","2324","N1","H","J7","TAEUNEN",-10,-2.05850409097949
"812","2324","N1","H","J7","TAEUNEO",4,1.22467964906374
"813","2324","N1","H","J7","TAEUNEP",-3,-0.416912220957871
"814","2324","N1","H","J8","TAEUNER",0,0
"815","2324","N1","H","J8","TAEUNES",-2,-1.00932375507172
"816","2324","N1","H","J8","TAEUNET",5,1.21492674221596
"817","2324","N1","H","J8","TAEUNEU",-1,-0.691573684030623
"818","2324","N1","H","J8","TAEYTKW",7,1.85042688429815
"819","2324","N1","H","J8","TAEVKAX",0,0
"820","2324","N1","H","J9","TAEUNEY",-4,-0.812841238051076
"821","2324","N1","H","J9","TAEUNEZ",4,0.789280622455393
"822","2324","N1","H","J9","TAEUNFA",7,1.39007632014532
"823","2324","N1","H","J9","TAEUNFB",0,0
"824","2324","N1","H","J9","TAEUNFC",-3,-0.612576005487768
"825","2324","N1","H","J9","TAEUNFE",4,0.789280622455393
"826","2324","N1","H","J10","TAEUNFF",0,0
"827","2324","N1","H","J10","TAEUNFG",-1,-0.0659474931813195
"828","2324","N1","H","J10","TAEUNFH",-7,-1.49041334589782
"829","2324","N1","H","J10","TAEUNFI",-1,-0.0659474931813195
"830","2324","N1","H","J10","TAFDHHD",1,0.408874457724181
"831","2324","N1","H","J10","TAEUNFL",4,1.12110738408243
"832","2324","N1","H","J11","TAEUNFM",-1,-0.292187455415736
"833","2324","N1","H","J11","TAEUNFN",5,1.02265609395508
"834","2324","N1","H","J11","TAEUNFO",-1,-0.292187455415736
"835","2324","N1","H","J11","TAEUNFQ",1,0.146093727707868
"836","2324","N1","H","J11","TAEUNFR",5,1.02265609395508
"837","2324","N1","H","J11","TAEUNFS",-9,-2.04531218791015
"838","2324","N1","H","J12","TAEUNFT",7,1.35199379038631
"839","2324","N1","H","J12","TAEUNFU",3,0.603197229556969
"840","2324","N1","H","J12","TAEUNFW",2,0.415998089349634
"841","2324","N1","H","J12","TAEUNFX",-10,-1.83039159313839
"842","2324","N1","H","J12","TAEUNFY",5,0.97759550997164
"843","2324","N1","H","J12","TAEUNFZ",0,0
"844","2324","N1","H","J13","TAEUNGA",-8,-1.36019768752541
"845","2324","N1","H","J13","TAEUNGC",-4,-0.702920952613805
"846","2324","N1","H","J13","TAEUNGD",6,0.940270884665219
"847","2324","N1","H","J13","TAEUNGE",-10,-1.68883605498122
"848","2324","N1","H","J13","TAEUNGF",7,1.10459006839312
"849","2324","N1","H","J13","TAEUNGG",4,0.611632517209414
"850","2324","N1","H","J14","TAEUNGI",-1,-0.18714990302674
"851","2324","N1","H","J14","TAEUNGJ",1,0.0823459573317654
"852","2324","N1","H","J14","TAEUNGK",-15,-2.07362092553628
"853","2324","N1","H","J14","TAEUNGL",1,0.0823459573317654
"854","2324","N1","H","J14","TAEUNGM",2,0.217093887511018
"855","2324","N1","H","J14","TAEUNGN",15,1.9688169798413
"856","2324","N1","H","J15","TAEUNGO",8,1.08528858148888
"857","2324","N1","H","J15","TAEUNGQ",10,1.36436278815745
"858","2324","N1","H","J15","TAEUNGR",0,0
"859","2324","N1","H","J15","TAEUNGS",5,0.666677271486028
"860","2324","N1","H","J15","TAEUNGT",-9,-1.28684217519396
"861","2324","N1","H","J15","TAEUNGU",-11,-1.56591638186253
"862","2324","N1","H","J16","TAEUNGV",9,1.4556764000964
"863","2324","N1","H","J16","TAEUNGW",-11,-1.31704055246817
"864","2324","N1","H","J16","TAEUNGY",0,0
"865","2324","N1","H","J16","TAEUNGZ",5,0.901133009583488
"866","2324","N1","H","J16","TAEUNHA",6,1.03976885721172
"867","2324","N1","H","J16","TAEUNHB",4,0.762497161955259
"868","2324","N1","H","J17","TAEUNHC",-23,-2.33514999961363
"869","2324","N1","H","J17","TAEUNHD",5,0.542394254188984
"870","2324","N1","H","J17","TAEUNHE",-1,-0.0742223716258609
"871","2324","N1","H","J17","TAEUNHG",-15,-1.51299449852717
"872","2324","N1","H","J17","TAEUNHH",-2,-0.176991809261668
"873","2324","N1","H","J17","TAEUNHI",1,0.131316503645754
"874","2324","N1","H","J18","TAEUNHJ",6,0.529883305422947
"875","2324","N1","H","J18","TAEUNHK",16,1.47422979033513
"876","2324","N1","H","J18","TAEUNHL",2,0.152144711458074
"877","2324","N1","H","J18","TAEUNHM",16,1.47422979033513
"878","2324","N1","H","J18","TAEUNHO",7,0.624317953914165
"879","2324","N1","H","J18","TAEUNHP",-4,-0.414463179489236
"880","2324","N1","H","J19","TAEUNHQ",-9,-0.69265959117394
"881","2324","N1","H","J19","TAEUNHR",-8,-0.595254336165104
"882","2324","N1","H","J19","TAEUNHS",-30,-2.73816994635948
"883","2324","N1","H","J19","TAEUNHT",2,0.378798213923248
"884","2324","N1","H","J19","TAEUNHU",-7,-0.497849081156269
"885","2324","N1","H","J19","TAEUNHW",-4,-0.205633316129763
"886","2324","N1","H","J20","TAEUNHX",14,1.34377902808517
"887","2324","N1","H","J20","TAEUNHY",12,1.14871433045991
"888","2324","N1","H","J20","TAEUNHZ",2,0.173390842333571
"889","2324","N1","H","J20","TAEUNIA",21,2.02650546977361
"890","2324","N1","H","J20","TAEUNIB",-12,-1.1920620410433
"891","2324","N1","H","J20","TAEUNIC",0,0
"892","2324","N1","H","J21","TAEUNIE",5,0.428333377911018
"893","2324","N1","H","J21","TAEUNIF",6,0.546948774870992
"894","2324","N1","H","J21","TAEUNIG",-3,-0.520589797768775
"895","2324","N1","H","J21","TAEUNIH",6,0.546948774870992
"896","2324","N1","H","J21","TAEUNII",-16,-2.06258995824844
"897","2324","N1","H","J21","TAEVKAY",-2,-0.401974400808801
"898","2324","N1","H","J22","TAEUNIL",8,1.34863552506075
"899","2324","N1","H","J22","TAEUNIM",-13,-1.17504877431035
"900","2324","N1","H","J22","TAEUNIN",-14,-1.29522421713755
"901","2324","N1","H","J22","TAEUNIO",-6,-0.333820674519987
"902","2324","N1","H","J22","TAEUNIP",2,0.627582868097575
"903","2324","N1","H","J22","TAEUNIR",-4,-0.0934697888655963
"904","2324","N1","H","J23","TAEUNIS",-5,-0.799915972836372
"905","2324","N1","H","J23","TAEUNIT",6,0.373294120656974
"906","2324","N1","H","J23","TAEUNIU",19,1.75981514024002
"907","2324","N1","H","J23","TAEUNIV",6,0.373294120656974
"908","2324","N1","H","J23","TAEUNIX",4,0.159983194567274
"909","2324","N1","H","J23","TAEUNIY",-12,-1.54650421415032
"910","2324","N1","H","J24","TAEUNIZ",-2,-0.124393645248332
"911","2324","N1","H","J24","TAEUNJA",-8,-1.02002789103632
"912","2324","N1","H","J24","TAEUNJB",4,0.771240600539659
"913","2324","N1","H","J24","TAEUNJD",-10,-1.31857263963232
"914","2324","N1","H","J24","TAEUNJE",-8,-1.02002789103632
"915","2324","N1","H","J24","TAEUNJF",12,1.96541959492365
"916","2324","N1","H","J25","TAEUNJG",NA,NA
"917","2324","N1","H","J25","TAEUNJH",NA,NA
"918","2324","N1","H","J25","TAEUNJJ",NA,NA
"919","2324","N1","H","J25","TAEUNJK",NA,NA
"920","2324","N1","H","J25","TAEUNJL",NA,NA
"921","2324","N1","H","J25","TAFHYOS",NA,NA
"922","2324","N1","H","J26","TAEUNJN",NA,NA
"923","2324","N1","H","J26","TAEUNJP",NA,NA
"924","2324","N1","H","J26","TAEUNJQ",NA,NA
"925","2324","N1","H","J26","TAEUNJR",NA,NA
"926","2324","N1","H","J26","TAEUNJS",NA,NA
"927","2324","N1","H","J26","TAEUNJT",NA,NA
"928","2021","N1","H","J1","PADELEJ",0,0
"929","2021","N1","H","J1","PADELEL",0,0
"930","2021","N1","H","J1","PADELEM",0,0
"931","2021","N1","H","J1","PADHTEP",0,0
"932","2021","N1","H","J2","PADELEP",0,0
"933","2021","N1","H","J2","PADELEQ",-3,-1.39898217612865
"934","2021","N1","H","J2","PADELER",NA,NA
"935","2021","N1","H","J3","PADELEX",2,1.04607224391048
"936","2021","N1","H","J3","PADELFA",NA,NA
"937","2021","N1","H","J5","PADELFI",NA,NA
"938","2021","N1","H","J5","PADLGQF",NA,NA
"939","2122","N1","H","J1","RADODTB",0,0
"940","2122","N1","H","J1","RADODTC",0,0
"941","2122","N1","H","J1","RADODTD",0,0
"942","2122","N1","H","J1","RADODTE",0,0
"943","2122","N1","H","J1","RADODTF",0,0
"944","2122","N1","H","J1","RADODTG",0,0
"945","2122","N1","H","J2","RADODTH",0,0
"946","2122","N1","H","J2","RADODTI",0,0
"947","2122","N1","H","J2","RADODTJ",-2,-1.08653373420044
"948","2122","N1","H","J2","RADODTK",-2,-1.08653373420044
"949","2122","N1","H","J2","RADODTL",0,0
"950","2122","N1","H","J2","RADODTM",0,0
"951","2122","N1","H","J3","RADODTN",2,0.766032346285426
"952","2122","N1","H","J3","RADODTO",2,0.766032346285426
"953","2122","N1","H","J3","RADODTP",-2,-1.35528799727422
"954","2122","N1","H","J3","RADODTQ",0,0
"955","2122","N1","H","J3","RADODTR",-2,-1.35528799727422
"956","2122","N1","H","J3","RADRXXM",0,0
"957","2122","N1","H","J4","RADODTT",-1,-0.363209236481752
"958","2122","N1","H","J4","RADODTU",0,0
"959","2122","N1","H","J4","RADODTV",4,1.55966319195105
"960","2122","N1","H","J4","RADODTW",5,1.94423767763761
"961","2122","N1","H","J4","RADODTX",0,0
"962","2122","N1","H","J4","RADODTY",2,0.79051422057793
"963","2122","N1","H","J5","RADODTZ",2,0.539708905547016
"964","2122","N1","H","J5","RADODUA",-4,-1.29530137331284
"965","2122","N1","H","J5","RADODUB",-5,-1.60113641978948
"966","2122","N1","H","J5","RADODUC",-4,-1.29530137331284
"967","2122","N1","H","J5","RADODUE",-2,-0.683631280359554
"968","2122","N1","H","J6","RADODUF",-9,-2.22343027733159
"969","2122","N1","H","J6","RADODUG",4,1.09047217423269
"970","2122","N1","H","J6","RADODUH",4,1.09047217423269
"971","2122","N1","H","J6","RADODUI",2,0.580641027838186
"972","2122","N1","H","J6","RADODUJ",4,1.09047217423269
"973","2122","N1","H","J6","RADODUK",2,0.580641027838186
"974","2122","N1","H","J7","RADODUL",2,0.485504413948301
"975","2122","N1","H","J7","RADODUM",2,0.485504413948301
"976","2122","N1","H","J7","RADODUN",1,0.200898378185504
"977","2122","N1","H","J7","RADODUP",0,0
"978","2122","N1","H","J7","RADODUQ",-6,-1.79134387215408
"979","2122","N1","H","J8","RADODUR",-9,-1.68131270978312
"980","2122","N1","H","J8","RADODUS",-3,-0.494503738171505
"981","2122","N1","H","J8","RADODUT",-8,-1.48351121451452
"982","2122","N1","H","J8","RADODUU",-3,-0.494503738171505
"983","2122","N1","H","J8","RADODUV",6,1.28570971924591
"984","2122","N1","H","J8","RADODUW",2,0.494503738171505
"985","2122","N1","H","J9","RADODUX",9,1.62660035251074
"986","2122","N1","H","J9","RADODUY",6,1.02083194536881
"987","2122","N1","H","J9","RADVPDT",3,0.415063538226879
"988","2122","N1","H","J9","RADODVA",4,0.616986340607522
"989","2122","N1","H","J9","RADODVB",-3,-0.796473276056984
"990","2122","N1","H","J9","RADODVC",0,0
"991","2122","N1","H","J10","RADODVD",-5,-1.2876942747149
"992","2122","N1","H","J10","RADODVE",2,0.494115244948741
"993","2122","N1","H","J10","RADODVF",0,0
"994","2122","N1","H","J10","RADODVG",1,0.239571027853935
"995","2122","N1","H","J10","RADODVH",-8,-2.05132692599932
"996","2122","N1","H","J10","RADODVI",-1,-0.269517406335677
"997","2122","N1","H","J11","RADODVJ",11,1.64169883652873
"998","2122","N1","H","J11","RADODVK",-6,-0.882722489992837
"999","2122","N1","H","J11","RADQDDE",8,1.19621272008375
"1000","2122","N1","H","J11","RADQEBM",-8,-1.17971323428949
"1001","2122","N1","H","J11","RADODVN",3,0.453735859342112
"1002","2122","N1","H","J11","RADODVO",7,1.04771734793542
"1003","2122","N1","H","J12","RADODVP",13,1.83077443060932
"1004","2122","N1","H","J12","RADODVQ",-10,-1.53785052171183
"1005","2122","N1","H","J12","RADODVR",2,0.219692931673118
"1006","2122","N1","H","J12","RADODVS",-2,-0.366154886121863
"1007","2122","N1","H","J12","RADODVT",7,0.952002703916845
"1008","2122","N1","H","J12","RAEALFT",13,1.83077443060932
"1009","2122","N1","H","J13","RADODVV",-3,-0.324121889698967
"1010","2122","N1","H","J13","RADODVW",-4,-0.469976740063502
"1011","2122","N1","H","J13","RADODVX",2,0.405152362123709
"1012","2122","N1","H","J13","RADODVY",1,0.259297511759174
"1013","2122","N1","H","J13","RADODVZ",-7,-0.907541291157108
"1014","2122","N1","H","J13","RADZSVT",-13,-1.78267039334432
"1015","2122","N1","H","J14","RAEAREP",-6,-0.777676127411039
"1016","2122","N1","H","J14","RADODWC",8,1.08874657837545
"1017","2122","N1","H","J14","RADODWD",5,0.688798855706921
"1018","2122","N1","H","J14","RADODWE",7,0.955430670819277
"1019","2122","N1","H","J14","RADODWF",5,0.688798855706921
"1020","2122","N1","H","J14","RADODWG",7,0.955430670819277
"1021","2122","N1","H","J15","RADODWH",10,0.995496854573252
"1022","2122","N1","H","J15","RADODWI",2,0.0939147976012502
"1023","2122","N1","H","J15","RADODWJ",-21,-2.49813361619326
"1024","2122","N1","H","J15","RADODWK",-7,-0.920365016492252
"1025","2122","N1","H","J15","RADODWL",-7,-0.920365016492252
"1026","2122","N1","H","J15","RADODWM",3,0.20661255472275
"1027","2122","N1","H","J16","RAEATWH",-10,-0.897184926821919
"1028","2122","N1","H","J16","RADODWO",11,1.47439480981224
"1029","2122","N1","H","J16","RADODWP",0,0
"1030","2122","N1","H","J16","RADODWQ",19,2.37785375710145
"1031","2122","N1","H","J16","RADODWR",-1,0.119206388878437
"1032","2122","N1","H","J16","RADODWS",-7,-0.558387821588467
"1033","2122","N1","H","J17","RADODWT",25,2.29718058612755
"1034","2122","N1","H","J17","RADODWU",-4,-0.54119041377441
"1035","2122","N1","H","J17","RADODWV",-9,-1.03056472410233
"1036","2122","N1","H","J17","RADODWW",6,0.437558206881438
"1037","2122","N1","H","J17","RADODWX",-8,-0.93268986203675
"1038","2122","N1","H","J17","RADODWY",2,0.0460587586190988
"1039","2122","N1","H","J18","RADODWZ",-8,-0.935401344985988
"1040","2122","N1","H","J18","RADODXA",-4,-0.447365860645473
"1041","2122","N1","H","J18","RAEAUTJ",2,0.284687365865301
"1042","2122","N1","H","J18","RADODXC",-2,-0.203348118475215
"1043","2122","N1","H","J18","RADODXD",-9,-1.05741021607112
"1044","2122","N1","H","J18","RADODXE",12,1.50477607671659
"1045","2122","N1","H","J19","RADODXF",24,2.04593623322572
"1046","2122","N1","H","J19","RADODXG",2,0.0698612372320976
"1047","2122","N1","H","J19","RADODXH",16,1.32736350740986
"1048","2122","N1","H","J19","RADODXI",3,0.15968282795908
"1049","2122","N1","H","J19","RAEBMDA",-1,-0.19960353494885
"1050","2122","N1","H","J19","RADODXK",-5,-0.558889897856781
"1051","2122","N1","H","J20","RADODXL",-14,-1.21236952015629
"1052","2122","N1","H","J20","RAECCBQ",-12,-1.01123909284925
"1053","2122","N1","H","J20","RADODXN",-10,-0.81010866554222
"1054","2122","N1","H","J20","RADODXO",-13,-1.11180430650277
"1055","2122","N1","H","J20","RADODXP",14,1.60345646214219
"1056","2122","N1","H","J20","RADODXQ",-2,-0.00558695631408428
"1057","2122","N1","H","J21","RADODXR",14,1.13936185907175
"1058","2122","N1","H","J21","RADODXS",6,0.417389987976778
"1059","2122","N1","H","J21","RADODXT",11,0.868622407411133
"1060","2122","N1","H","J21","RADODXU",-7,-0.755814302552544
"1061","2122","N1","H","J21","RADODXW",-5,-0.575321334778802
"1062","2122","N1","H","J22","RADODXX",-24,-1.56273405235719
"1063","2122","N1","H","J22","RADODXY",NA,NA
"1064","2122","N1","H","J22","RAEBZOJ",-12,-0.702513473078001
"1065","2122","N1","H","J22","RAEBRQQ",18,1.44803797511996
"1066","2122","N1","H","J22","RAECHKE",-5,-0.200718135165143
"1067","2122","N1","H","J22","RADODYC",-9,-0.487458328258205
"1068","2223","N1","H","J1","SAEEFLO",0,0
"1069","2223","N1","H","J1","SAEEFLP",0,0
"1070","2223","N1","H","J1","SAEEFLQ",0,0
"1071","2223","N1","H","J1","SAEEFLR",0,0
"1072","2223","N1","H","J1","SAEELIG",0,0
"1073","2223","N1","H","J1","SAEEFLT",0,0
"1074","2223","N1","H","J1","SAEEFLU",0,0
"1075","2223","N1","H","J2","SAEEFLV",0,0
"1076","2223","N1","H","J2","SAEEFLW",-2,-1.24351692780124
"1077","2223","N1","H","J2","SAEEFLX",0,0
"1078","2223","N1","H","J2","SAEGMYC",-1,-0.58721632701725
"1079","2223","N1","H","J2","SAEEFLZ",-2,-1.24351692780124
"1080","2223","N1","H","J2","SAEEFMA",-1,-0.58721632701725
"1081","2223","N1","H","J2","SAEFLQJ",-2,-1.24351692780124
"1082","2223","N1","H","J3","SAEEFMC",2,1.14852082777256
"1083","2223","N1","H","J3","SAEEFMD",2,1.14852082777256
"1084","2223","N1","H","J3","SAEEFME",1,0.618434291877532
"1085","2223","N1","H","J3","SAEEFMF",-1,-0.441738779912523
"1086","2223","N1","H","J3","SAEEFMG",1,0.618434291877532
"1087","2223","N1","H","J3","SAEEFMH",3,1.67860736366759
"1088","2223","N1","H","J3","SAEEFMI",2,1.14852082777256
"1089","2223","N1","H","J4","SAEEFMJ",0,0
"1090","2223","N1","H","J4","SAEEFMK",5,1.91605003168567
"1091","2223","N1","H","J4","SAEEFML",-4,-1.46172889015195
"1092","2223","N1","H","J4","SAEEFMM",-1,-0.335802582872746
"1093","2223","N1","H","J4","SAEEFMN",1,0.414814955313392
"1094","2223","N1","H","J4","SAEEFMO",-2,-0.711111351965816
"1095","2223","N1","H","J4","SAEEFMP",-1,-0.335802582872746
"1096","2223","N1","H","J5","SAEEFMQ",-1,-0.118372389776583
"1097","2223","N1","H","J5","SAEEFMR",0,0
"1098","2223","N1","H","J5","SAEEFMS",-3,-0.868064191694944
"1099","2223","N1","H","J5","SAEEFMT",4,1.75585711501932
"1100","2223","N1","H","J5","SAEEFMU",4,1.75585711501932
"1101","2223","N1","H","J5","SAEFBRD",1,0.631319412141778
"1102","2223","N1","H","J5","SAEEFMW",-3,-0.868064191694944
"1103","2223","N1","H","J6","SAEEFMX",0,0
"1104","2223","N1","H","J6","SAEEFMY",-5,-1.50456605005896
"1105","2223","N1","H","J6","SAEEFMZ",-4,-1.15594708724042
"1106","2223","N1","H","J6","SAEEFNA",1,0.587147726852276
"1107","2223","N1","H","J6","SAEEFNB",-4,-1.15594708724042
"1108","2223","N1","H","J6","SAEEFNC",-3,-0.80732812442188
"1109","2223","N1","H","J6","SAEEFND",1,0.587147726852276
"1110","2223","N1","H","J7","SAEEFNE",0,0
"1111","2223","N1","H","J7","SAEEFNF",0,0
"1112","2223","N1","H","J7","SAEFXIZ",7,1.95628673983534
"1113","2223","N1","H","J7","SAEEFNH",2,0.281987277814102
"1114","2223","N1","H","J7","SAEJBAZ",-3,-1.39231218420713
"1115","2223","N1","H","J7","SAEEFNJ",3,0.616847170218349
"1116","2223","N1","H","J7","SAEGDYJ",3,0.616847170218349
"1117","2223","N1","H","J8","SAEEFNL",4,0.906536383781191
"1118","2223","N1","H","J8","SAEEFNM",-6,-1.09627655713074
"1119","2223","N1","H","J8","SAEEFNN",-2,-0.295151380765969
"1120","2223","N1","H","J8","SAEEFNO",-5,-0.895995263039549
"1121","2223","N1","H","J8","SAEEFNP",-1,-0.0948700866747758
"1122","2223","N1","H","J8","SAEEFNQ",2,0.505973795598804
"1123","2223","N1","H","J8","SAEEFNR",-8,-1.49683914531313
"1124","2223","N1","H","J9","SAEEFNS",2,0.275642997862443
"1125","2223","N1","H","J9","SAEEFNT",-1,-0.407472257709698
"1126","2223","N1","H","J9","SAEEFNU",2,0.275642997862443
"1127","2223","N1","H","J9","SAEEFNV",-2,-0.635177342900412
"1128","2223","N1","H","J9","SAEJEPS",4,0.73105316824387
"1129","2223","N1","H","J9","SAEEFNX",2,0.275642997862443
"1130","2223","N1","H","J9","SAEEFNY",1,0.0479379126717292
"1131","2223","N1","H","J10","SAEEFNZ",5,0.895563778721716
"1132","2223","N1","H","J10","SAEEFOA",1,0.186575787233691
"1133","2223","N1","H","J10","SAEEFOB",6,1.07281077659372
"1134","2223","N1","H","J10","SAEEFOC",0,0
"1135","2223","N1","H","J10","SAEEFOD",0,0
"1136","2223","N1","H","J10","SAEEFOE",-10,-1.76314118935838
"1137","2223","N1","H","J10","SAEEFOF",2,0.363822785105697
"1138","2223","N1","H","J11","SAEEFOG",-1,-0.268377455646174
"1139","2223","N1","H","J11","SAEEFOH",-7,-1.36105709649131
"1140","2223","N1","H","J11","SAEEFOI",-7,-1.36105709649131
"1141","2223","N1","H","J11","SAEEFOJ",-4,-0.814717276068742
"1142","2223","N1","H","J11","SAEEFOK",4,0.642188911724773
"1143","2223","N1","H","J11","SAEEFOL",-4,-0.814717276068742
"1144","2223","N1","H","J11","SAEEFOM",5,0.824302185198962
"1145","2223","N1","H","J12","SAEEFON",-2,-0.411098423083976
"1146","2223","N1","H","J12","SAEEFOO",6,1.09996605095442
"1147","2223","N1","H","J12","SAEEFOP",5,0.911082991699623
"1148","2223","N1","H","J12","SAEEFOQ",3,0.533316873190023
"1149","2223","N1","H","J12","SAEFBGH",-6,-1.16663066010318
"1150","2223","N1","H","J12","SAEEFOS",-1,-0.222215363829176
"1151","2223","N1","H","J12","SAENALV",-3,-0.599981482338776
"1152","2223","N1","H","J13","SAEMNRY",7,1.34682227574763
"1153","2223","N1","H","J13","SAEEFOV",2,0.341731025189697
"1154","2223","N1","H","J13","SAEMQZU",-2,-0.462341975256649
"1155","2223","N1","H","J13","SAEEFOX",-5,-1.06539672559141
"1156","2223","N1","H","J13","SAEMPNI",-6,-1.26641497570299
"1157","2223","N1","H","J13","SAEJEPT",1,0.14071277507811
"1158","2223","N1","H","J13","SAEEFPA",-3,-0.663360225368235
"1159","2223","N1","H","J14","SAEEFPB",-2,-0.103954239405299
"1160","2223","N1","H","J14","SAEEFPC",6,1.21279945972849
"1161","2223","N1","H","J14","SAEEFPD",2,0.554422610161594
"1162","2223","N1","H","J14","SAEEFPE",-5,-0.597736876580469
"1163","2223","N1","H","J14","SAENQSY",2,0.554422610161594
"1164","2223","N1","H","J14","SAEEFPG",-9,-1.25611372614736
"1165","2223","N1","H","J14","SAEEFPH",-8,-1.09151951375564
"1166","2223","N1","H","J15","SAEEFPI",1,-0.00727947377194946
"1167","2223","N1","H","J15","SAEEFPJ",-4,-0.698829482107149
"1168","2223","N1","H","J15","SAEEFPK",-5,-0.837139483774189
"1169","2223","N1","H","J15","SAEEFPL",-7,-1.11375948710827
"1170","2223","N1","H","J15","SAEEFPM",8,0.96089053789733
"1171","2223","N1","H","J15","SAEEFPN",11,1.37582054289845
"1172","2223","N1","H","J15","SAEEFPO",16,2.06737055123365
"1173","2223","N1","H","J16","SAEEFPP",4,0.720572921473828
"1174","2223","N1","H","J16","SAEEFPQ",-1,0.068625992521317
"1175","2223","N1","H","J16","SAEEFPR",5,0.85096230726433
"1176","2223","N1","H","J16","SAEEFPS",4,0.720572921473828
"1177","2223","N1","H","J16","SAEEFPT",-2,-0.0617633932691853
"1178","2223","N1","H","J16","SAEEFPU",-15,-1.75682540854571
"1179","2223","N1","H","J16","SAEEFPV",-19,-2.27838295170772
"1180","2223","N1","H","J17","SAEEFPW",-4,-1.04019088367958
"1181","2223","N1","H","J17","SAEEFPX",-1,-0.591017547545216
"1182","2223","N1","H","J17","SAEEFPY",4,0.157604679345391
"1183","2223","N1","H","J17","SAEEFPZ",2,-0.141844211410852
"1184","2223","N1","H","J17","SAEEFQA",3,0.00788023396726957
"1185","2223","N1","H","J17","SAEEFQB",8,0.756502460857876
"1186","2223","N1","H","J17","SAEEFQC",18,2.25374691463909
"1187","2223","N1","H","J18","SAEQPKJ",6,1.42058768365976
"1188","2223","N1","H","J18","SAEEFQE",-4,-0.148666152941138
"1189","2223","N1","H","J18","SAEEFQF",-6,-0.462516920261317
"1190","2223","N1","H","J18","SAEEFQG",-9,-0.933293071241586
"1191","2223","N1","H","J18","SAEEFQH",-10,-1.09021845490168
"1192","2223","N1","H","J18","SAEQMZF",6,1.42058768365976
"1193","2223","N1","H","J18","SAEEFQJ",-5,-0.305591536601227
"1194","2223","N1","H","J19","SAEEFQK",-7,-1.03955228926925
"1195","2223","N1","H","J19","SAEEFQL",5,0.362920621697549
"1196","2223","N1","H","J19","SAEEFQM",12,1.18102981976151
"1197","2223","N1","H","J19","SAEEFQN",14,1.41477530492265
"1198","2223","N1","H","J19","SAEEFQO",12,1.18102981976151
"1199","2223","N1","H","J19","SAEEFQP",9,0.830411592019815
"1200","2223","N1","H","J19","SAEEFQQ",-9,-1.27329777443038
"1201","2223","N1","H","J20","SAEEFQR",-3,0.14173667737846
"1202","2223","N1","H","J20","SAEEFQS",-10,-0.850420064270761
"1203","2223","N1","H","J20","SAEEFQT",-13,-1.27563009640614
"1204","2223","N1","H","J20","SAERESH",-15,-1.55910345116306
"1205","2223","N1","H","J20","SAEEFQV",-13,-1.27563009640614
"1206","2223","N1","H","J20","SAEEFQW",5,1.27563009640614
"1207","2223","N1","H","J20","SAEEFQX",3,0.992156741649222
"1208","2223","N1","H","J21","SAEEFQY",-15,-1.60057744855072
"1209","2223","N1","H","J21","SAEEFQZ",5,0.27086695283166
"1210","2223","N1","H","J21","SAERCGG",13,1.01944471338461
"1211","2223","N1","H","J21","SAEEFRB",11,0.832300273246372
"1212","2223","N1","H","J21","SAEEFRC",-4,-0.571283027790409
"1213","2223","N1","H","J21","SAEEFRD",-1,-0.290566367583053
"1214","2223","N1","H","J21","SAEEFRE",1,-0.103421927444815
"1215","2223","N1","H","J22","SAEEFRF",-10,-0.919277257521638
"1216","2223","N1","H","J22","SAEEFRG",-1,0.152110625345307
"1217","2223","N1","H","J22","SAEEFRH",-3,-0.0859755708473475
"1218","2223","N1","H","J22","SAEEFRI",6,0.985412312019598
"1219","2223","N1","H","J22","SAEEFRJ",5,0.86636921392327
"1220","2223","N1","H","J22","SAEQZQD",-6,-0.443104865136329
"1221","2223","N1","H","J22","SAEEFRL",-7,-0.562147963232656
"1222","2223","N1","H","J23","SAEEFRM",-18,-1.42209181341937
"1223","2223","N1","H","J23","SAEEFRN",-6,-0.315481119017949
"1224","2223","N1","H","J23","SAEEFRO",-20,-1.60652692915294
"1225","2223","N1","H","J23","SAEEFRP",-11,-0.776568908351875
"1226","2223","N1","H","J23","SAEEFRQ",0,0
"1227","2223","N1","H","J23","SAEEFRR",1,0.330041786049547
"1228","2223","N1","H","J23","SAEEFRS",8,0.975564691117043
"1229","2223","N1","H","J24","SAEEFRT",-5,-0.436069312654085
"1230","2223","N1","H","J24","SAEEFRU",23,1.97908380358393
"1231","2223","N1","H","J24","SAEEFRV",18,1.54780646139857
"1232","2223","N1","H","J24","SAEEFRW",11,0.944018182339064
"1233","2223","N1","H","J24","SAEEFRX",7,0.598996308590777
"1234","2223","N1","H","J24","SAEEFRY",-4,-0.349813844217014
"1235","2223","N1","H","J24","SAEEFRZ",-2,-0.17730290734287
"1236","2223","N1","H","J25","SAEEFSA",5,0.516061308969484
"1237","2223","N1","H","J25","SAEEFSB",-8,-0.907016846067579
"1238","2223","N1","H","J25","SAEEFSC",-16,-1.78275724916731
"1239","2223","N1","H","J25","SAEEFSD",-16,-1.78275724916731
"1240","2223","N1","H","J25","SAEFBGG",9,0.95393151051935
"1241","2223","N1","H","J25","SAEEFSF",-4,-0.469146644517713
"1242","2223","N1","H","J25","SAEEFSG",2,0.187658657807085
"1243","2223","N1","H","J26","SAEMNRZ",-5,-0.835662439394689
"1244","2223","N1","H","J26","SAEEFSI",-7,-1.06198768339742
"1245","2223","N1","H","J26","SAEEFSJ",8,0.635451646623044
"1246","2223","N1","H","J26","SAERPUR",16,1.54075262263396
"1247","2223","N1","H","J26","SAEEFSL",13,1.20126475662986
"1248","2223","N1","H","J26","SAEEFSM",15,1.42759000063259
"1249","2223","N1","H","J26","SAEEFSN",8,0.635451646623044
"1250","2324","N1","H","J1","TAEUNJU",0,0
"1251","2324","N1","H","J1","TAEUNJW",0,0
"1252","2324","N1","H","J1","TAEUNJX",0,0
"1253","2324","N1","H","J1","TAEUNJY",0,0
"1254","2324","N1","H","J1","TAEUNJZ",0,0
"1255","2324","N1","H","J2","TAEUNKB",2,1.4776858785126
"1256","2324","N1","H","J2","TAEUNKC",1,0.695381589888282
"1257","2324","N1","H","J2","TAEUNKD",0,0
"1258","2324","N1","H","J2","TAEUNKE",-1,-0.869226987360353
"1259","2324","N1","H","J2","TAEUNKF",-2,-1.65153127598467
"1260","2324","N1","H","J2","TAEUNKH",1,0.695381589888282
"1261","2324","N1","H","J3","TAEUNKI",3,1.65909058759924
"1262","2324","N1","H","J3","TAEUNKJ",2,1.12581147015663
"1263","2324","N1","H","J3","TAEUNKK",0,0
"1264","2324","N1","H","J3","TAEUNKL",0,0
"1265","2324","N1","H","J3","TAEUNKN",1,0.592532352714014
"1266","2324","N1","H","J3","TAEUNKO",1,0.592532352714014
"1267","2324","N1","H","J4","TAEUNKP",0,0
"1268","2324","N1","H","J4","TAEUNKQ",1,0.321100122539385
"1269","2324","N1","H","J4","TAEUNKR",-4,-1.60550061269693
"1270","2324","N1","H","J4","TAEUNKT",3,1.09174041663391
"1271","2324","N1","H","J4","TAEUNKU",0,0
"1272","2324","N1","H","J4","TAEUNKV",-3,-1.22018046564966
"1273","2324","N1","H","J5","TAEUNKW",1,0.600414624818933
"1274","2324","N1","H","J5","TAEUNKX",2,0.927913511083805
"1275","2324","N1","H","J5","TAEUNKZ",3,1.25541239734868
"1276","2324","N1","H","J5","TAEUNLA",-1,-0.0545831477108121
"1277","2324","N1","H","J5","TAEUNLB",-5,-1.3645786927703
"1278","2324","N1","H","J5","TAEUNLC",-2,-0.382082033975684
"1279","2324","N1","H","J6","TAEYLRZ",0,0
"1280","2324","N1","H","J6","TAEUNLF",1,0.0968176828808017
"1281","2324","N1","H","J6","TAEYVJT",-1,-0.401101829077607
"1282","2324","N1","H","J6","TAEUNLH",-3,-0.899021341036016
"1283","2324","N1","H","J6","TAEZGWB",1,0.0968176828808017
"1284","2324","N1","H","J6","TAEUNLJ",8,1.83953597473523
"1285","2324","N1","H","J7","TAEUNLL",-3,-0.416912220957871
"1286","2324","N1","H","J7","TAEUNLM",0,0
"1287","2324","N1","H","J7","TAEUNLN",1,0.521140276197338
"1288","2324","N1","H","J7","TAEUNLO",-3,-0.416912220957871
"1289","2324","N1","H","J7","TAEXIHJ",-4,-0.651425345246673
"1290","2324","N1","H","J7","TAEUNLQ",-7,-1.35496471811308
"1291","2324","N1","H","J8","TAEUNLR",-2,-1.00932375507172
"1292","2324","N1","H","J8","TAEUNLT",3,0.579426600133765
"1293","2324","N1","H","J8","TAEZGVU",0,0
"1294","2324","N1","H","J8","TAEUNLV",6,1.53267681325706
"1295","2324","N1","H","J8","TAEZSAD",5,1.21492674221596
"1296","2324","N1","H","J8","TAEWXTD",1,-0.0560735419484289
"1297","2324","N1","H","J9","TAEUNLY",8,1.59034155270863
"1298","2324","N1","H","J9","TAEUNLZ",-2,-0.412310772924459
"1299","2324","N1","H","J9","TAEUNMB",-10,-2.01443263343093
"1300","2324","N1","H","J9","TAEUNMC",-4,-0.812841238051076
"1301","2324","N1","H","J9","TAEUNMD",-1,-0.21204554036115
"1302","2324","N1","H","J9","TAEUNME",-1,-0.21204554036115
"1303","2324","N1","H","J10","TAEUNMF",-6,-1.25300237044507
"1304","2324","N1","H","J10","TAEUNMG",0,0
"1305","2324","N1","H","J10","TAEUNMH",9,2.30816226134618
"1306","2324","N1","H","J10","TAEUNMJ",3,0.883696408629682
"1307","2324","N1","H","J10","TAFCNMY",-2,-0.30335846863407
"1308","2324","N1","H","J10","TAEUNML",1,0.408874457724181
"1309","2324","N1","H","J11","TAEUNMM",8,1.68007786864048
"1310","2324","N1","H","J11","TAEUNMN",-5,-1.16874982166294
"1311","2324","N1","H","J11","TAEUNMO",-6,-1.38789041322475
"1312","2324","N1","H","J11","TAEUNMP",0,0
"1313","2324","N1","H","J11","TAEUNMR",-5,-1.16874982166294
"1314","2324","N1","H","J11","TAEUNMS",0,0
"1315","2324","N1","H","J12","TAEUNMT",-11,-2.01759073334572
"1316","2324","N1","H","J12","TAEUNMU",7,1.35199379038631
"1317","2324","N1","H","J12","TAEUNMV",-8,-1.45599331272372
"1318","2324","N1","H","J12","TAEUNMW",-3,-0.519997611687042
"1319","2324","N1","H","J12","TAEUNMX",2,0.415998089349634
"1320","2324","N1","H","J12","TAEUNMZ",2,0.415998089349634
"1321","2324","N1","H","J13","TAEUNNA",-1,-0.209963401430098
"1322","2324","N1","H","J13","TAEUNNB",13,2.09050517076054
"1323","2324","N1","H","J13","TAEUNNC",2,0.28299414975361
"1324","2324","N1","H","J13","TAEUNND",6,0.940270884665219
"1325","2324","N1","H","J13","TAEUNNE",-1,-0.209963401430098
"1326","2324","N1","H","J13","TAEUNNF",-1,-0.209963401430098
"1327","2324","N1","H","J14","TAEUNNH",2,0.217093887511018
"1328","2324","N1","H","J14","TAEUNNI",11,1.42982525912429
"1329","2324","N1","H","J14","TAEUNNJ",9,1.16032939876579
"1330","2324","N1","H","J14","TAEUNNK",-4,-0.591393693564497
"1331","2324","N1","H","J14","TAEUNNL",7,0.890833538407281
"1332","2324","N1","H","J14","TAEUNNM",-3,-0.456645763385245
"1333","2324","N1","H","J15","TAEUNNO",-14,-1.98452769186538
"1334","2324","N1","H","J15","TAEUNNP",1,0.108528858148888
"1335","2324","N1","H","J15","TAEUNNQ",-3,-0.449619555188251
"1336","2324","N1","H","J15","TAEUNNR",-9,-1.28684217519396
"1337","2324","N1","H","J15","TAEUNNS",5,0.666677271486028
"1338","2324","N1","H","J15","TAEUNNU",-1,-0.170545348519681
"1339","2324","N1","H","J16","TAEUNNV",-6,-0.62386131432703
"1340","2324","N1","H","J16","TAEUNNW",-10,-1.17840470483995
"1341","2324","N1","H","J16","TAFGGQB",-2,-0.0693179238141145
"1342","2324","N1","H","J16","TAEUNNY",4,0.762497161955259
"1343","2324","N1","H","J16","TAFFUAU",-3,-0.207953771442343
"1344","2324","N1","H","J16","TAEUNOB",7,1.17840470483995
"1345","2324","N1","H","J17","TAEUNOC",6,0.645163691824791
"1346","2324","N1","H","J17","TAEUNOD",-1,-0.0742223716258609
"1347","2324","N1","H","J17","TAEUNOE",11,1.15901088000383
"1348","2324","N1","H","J17","TAEUNOG",-9,-0.896377872712321
"1349","2324","N1","H","J17","TAEUNOH",-7,-0.690838997440706
"1350","2324","N1","H","J17","TAEUNOI",-6,-0.588069559804898
"1351","2324","N1","H","J18","TAEUNOJ",-8,-0.792201773454109
"1352","2324","N1","H","J18","TAEUNOK",2,0.152144711458074
"1353","2324","N1","H","J18","TAEUNOM",-8,-0.792201773454109
"1354","2324","N1","H","J18","TAEUNON",0,0
"1355","2324","N1","H","J18","TAEUNOO",18,1.66309908731757
"1356","2324","N1","H","J18","TAEUNOP",6,0.529883305422947
"1357","2324","N1","H","J19","TAEUNOQ",8,0.96322974397626
"1358","2324","N1","H","J19","TAEUNOS",-5,-0.303038571138599
"1359","2324","N1","H","J19","TAEUNOT",-1,0.0865824488967425
"1360","2324","N1","H","J19","TAEUNOU",-3,-0.108228061120928
"1361","2324","N1","H","J19","TAEUNOV",3,0.476203468932084
"1362","2324","N1","H","J19","TAEUNOW",-14,-1.17968586621812
"1363","2324","N1","H","J20","TAEUNOY",-1,-0.11920620410433
"1364","2324","N1","H","J20","TAEUNOZ",0,0
"1365","2324","N1","H","J20","TAEUNPA",12,1.14871433045991
"1366","2324","N1","H","J20","TAEUNPB",-4,-0.411803250542231
"1367","2324","N1","H","J20","TAFHNIR",-1,-0.11920620410433
"1368","2324","N1","H","J20","TAEUNPD",7,0.661052586396739
"1369","2324","N1","H","J21","TAEUNPE",8,0.78417956879094
"1370","2324","N1","H","J21","TAEUNPG",-10,-1.35089757648859
"1371","2324","N1","H","J21","TAEUNPH",3,0.191102583991069
"1372","2324","N1","H","J21","TAEUNPI",-10,-1.35089757648859
"1373","2324","N1","H","J21","TAEUNPJ",-5,-0.757820591688723
"1374","2324","N1","H","J21","TAEUNPK",7,0.665564171830966
"1375","2324","N1","H","J22","TAEUNPL",-9,-0.694347003001573
"1376","2324","N1","H","J22","TAEUNPM",9,1.46881096788794
"1377","2324","N1","H","J22","TAEUNPO",6,1.10828463940636
"1378","2324","N1","H","J22","TAEUNPP",3,0.747758310924771
"1379","2324","N1","H","J22","TAEUNPQ",6,1.10828463940636
"1380","2324","N1","H","J22","TAFHNMT",-10,-0.814522445828768
"1381","2324","N1","H","J23","TAEUNPS",13,1.11988236197092
"1382","2324","N1","H","J23","TAEUNPT",3,0.0533277315224248
"1383","2324","N1","H","J23","TAEUNPU",-7,-1.01322689892607
"1384","2324","N1","H","J23","TAEUNPW",-2,-0.479949583701823
"1385","2324","N1","H","J23","TAEUNPX",12,1.01322689892607
"1386","2324","N1","H","J23","TAEUNPY",-7,-1.01322689892607
"1387","2324","N1","H","J24","TAEUNPZ",-9,-1.16930026533432
"1388","2324","N1","H","J24","TAEUNQA",-1,0.0248787290496664
"1389","2324","N1","H","J24","TAEUNQB",5,0.920512974837658
"1390","2324","N1","H","J24","TAEUNQC",-1,0.0248787290496664
"1391","2324","N1","H","J24","TAEUNQE",1,0.323423477645664
"1392","2324","N1","H","J24","TAEUNQF",3,0.621968226241661
"1393","2324","N1","H","J25","TAEUNQG",NA,NA
"1394","2324","N1","H","J25","TAEUNQH",NA,NA
"1395","2324","N1","H","J25","TAEUNQI",NA,NA
"1396","2324","N1","H","J25","TAEUNQJ",NA,NA
"1397","2324","N1","H","J25","TAEUNQK",NA,NA
"1398","2324","N1","H","J25","TAEUNQM",NA,NA
"1399","2324","N1","H","J26","TAEUNQN",NA,NA
"1400","2324","N1","H","J26","TAEUNQO",NA,NA
"1401","2324","N1","H","J26","TAFGMPZ",NA,NA
"1402","2324","N1","H","J26","TAEUNQQ",NA,NA
"1403","2324","N1","H","J26","TAEUNQR",NA,NA
"1404","2324","N1","H","J26","TAEUNQS",NA,NA
